=== 48h 观察开始: 2026-09-01 11:35:35 (release build, MCP 已恢复启用) ===
2026-09-01 11:37:46 alive=true healthz=200 rss_kb=126624 pid=63290
2026-09-01 12:08:44 alive=true healthz=200 rss_kb=94912 pid=63290
2026-09-01 12:38:46 alive=true healthz=200 rss_kb=94800 pid=63290
2026-09-01 13:10:25 alive=true healthz=200 rss_kb=94800 pid=63290
2026-09-01 13:38:46 alive=true healthz=200 rss_kb=90144 pid=63290
2026-09-01 14:09:04 alive=true healthz=200 rss_kb=123040 pid=63290
2026-09-01 15:57:18 alive=true healthz=200 rss_kb=96672 pid=63290
2026-09-01 16:01:05 alive=true healthz=200 rss_kb=96080 pid=63290
2026-09-01 16:04:56 alive=true healthz=200 rss_kb=99648 pid=63290
2026-09-01 16:09:20 alive=true healthz=200 rss_kb=96176 pid=63290
2026-09-01 16:40:08 alive=true healthz=200 rss_kb=96000 pid=63290
2026-09-01 17:10:30 alive=true healthz=200 rss_kb=74160 pid=63290
2026-09-01 17:39:03 alive=true healthz=200 rss_kb=92256 pid=63290
2026-09-01 18:09:51 alive=true healthz=200 rss_kb=90320 pid=20614
2026-09-01 18:39:05 alive=true healthz=200 rss_kb=94080 pid=20614
2026-09-01 19:08:39 alive=true healthz=200 rss_kb=85776 pid=20614
2026-09-01 19:38:44 alive=true healthz=200 rss_kb=85584 pid=20614
2026-09-01 20:08:56 alive=true healthz=200 rss_kb=81312 pid=20614
2026-09-01 20:38:55 alive=true healthz=200 rss_kb=81424 pid=20614
2026-09-01 21:09:04 alive=true healthz=200 rss_kb=82880 pid=20614
2026-09-01 21:39:09 alive=true healthz=200 rss_kb=83296 pid=20614
2026-09-01 22:38:56 alive=true healthz=200 rss_kb=84528 pid=20614
2026-09-01 23:09:14 alive=true healthz=200 rss_kb=84624 pid=20614
2026-09-02 00:09:02 alive=true healthz=200 rss_kb=84592 pid=20614
2026-09-02 00:39:05 alive=true healthz=200 rss_kb=84576 pid=20614
2026-09-02 01:09:12 alive=true healthz=200 rss_kb=84528 pid=20614
2026-09-02 01:39:01 alive=true healthz=200 rss_kb=84560 pid=20614
2026-09-02 02:08:44 alive=true healthz=200 rss_kb=84512 pid=20614
2026-09-02 02:39:05 alive=true healthz=200 rss_kb=84592 pid=20614
2026-09-02 03:09:03 alive=true healthz=200 rss_kb=83280 pid=20614
2026-09-02 03:38:59 alive=true healthz=200 rss_kb=84512 pid=20614
2026-09-02 04:10:11 alive=true healthz=200 rss_kb=84400 pid=20614
2026-09-02 04:38:45 alive=true healthz=200 rss_kb=84176 pid=20614
2026-09-02 06:39:03 alive=true healthz=200 rss_kb=84896 pid=20614
2026-09-02 07:08:47 alive=true healthz=200 rss_kb=84912 pid=20614
2026-09-02 07:38:45 alive=true healthz=200 rss_kb=83712 pid=20614
2026-09-02 08:08:41 alive=true healthz=200 rss_kb=84896 pid=20614
2026-09-02 08:38:50 alive=true healthz=200 rss_kb=84800 pid=20614
2026-09-02 09:09:00 alive=false healthz=- rss=-
=== RESTART MARKER: 08:38-09:09 进程消失（无崩溃报告、无系统重启，判断为外部终止/手动退出）===
2026-09-02 09:10:32 alive=true healthz=200 rss_kb=129392 pid=91965
2026-09-02 09:39:10 alive=true healthz=200 rss_kb=136224 pid=94773
2026-09-02 10:09:11 alive=true healthz=200 rss_kb=123696 pid=94773
2026-09-02 10:39:25 alive=true healthz=200 rss_kb=121632 pid=10449
2026-09-02 11:09:07 alive=true healthz=200 rss_kb=92336 pid=11454
2026-09-02 11:40:21 alive=true healthz=200 rss_kb=12400 pid=11454
2026-09-02 12:09:32 alive=true healthz=200 rss_kb=90560 pid=46920
2026-09-02 12:39:02 alive=true healthz=200 rss_kb=93168 pid=46920
2026-09-02 13:08:50 alive=true healthz=200 rss_kb=86704 pid=46920
2026-09-02 13:39:26 alive=true healthz=200 rss_kb=115632 pid=46920
2026-09-02 14:09:33 alive=true healthz=200 rss_kb=106608 pid=46920
2026-09-02 14:39:24 alive=true healthz=200 rss_kb=104240 pid=46920
2026-09-02 15:09:37 alive=true healthz=200 rss_kb=104432 pid=46920
2026-09-02 15:41:02 alive=true healthz=200 rss_kb=106016 pid=46920
2026-09-02 16:10:51 alive=false healthz=- rss=-
=== RESTART MARKER: 15:41-16:10 进程再次外部终止（同昨日签名：无崩溃无重启）===
2026-09-02 16:18:41 alive=true healthz=200 rss_kb=124048 pid=74786
2026-09-02 16:40:07 alive=false healthz=- rss=-
=== 版本变更重启: 16:5x 部署『关闭窗口=隐藏到托盘』修复（修复三次进程消失的根因），48h 观察钟自此重新起算 ===
2026-09-02 17:02:10 alive=true healthz=200 rss_kb=128048 pid=78483
2026-09-02 17:10:57 alive=true healthz=200 rss_kb=136464 pid=78483
2026-09-02 18:09:24 alive=true healthz=200 rss_kb=96640 pid=78483
2026-09-02 18:39:15 alive=true healthz=200 rss_kb=96144 pid=78483
2026-09-02 19:09:12 alive=true healthz=200 rss_kb=95904 pid=78483
2026-09-02 19:39:19 alive=true healthz=200 rss_kb=95792 pid=78483
2026-09-02 20:09:15 alive=true healthz=200 rss_kb=95760 pid=78483
2026-09-02 20:39:26 alive=true healthz=200 rss_kb=95744 pid=78483
2026-09-02 21:09:31 alive=true healthz=200 rss_kb=95680 pid=78483
2026-09-02 21:39:28 alive=true healthz=200 rss_kb=95440 pid=78483
2026-09-02 22:09:37 alive=true healthz=200 rss_kb=95472 pid=78483
2026-09-02 22:40:09 alive=true healthz=200 rss_kb=95424 pid=78483
2026-09-02 23:09:31 alive=true healthz=200 rss_kb=95456 pid=78483
2026-09-02 23:39:22 alive=true healthz=200 rss_kb=95424 pid=78483
2026-09-03 00:09:11 alive=true healthz=200 rss_kb=92176 pid=78483
2026-09-03 00:39:18 alive=true healthz=200 rss_kb=92016 pid=78483
2026-09-03 01:09:13 alive=true healthz=200 rss_kb=90384 pid=78483
2026-09-03 01:39:06 alive=true healthz=200 rss_kb=90400 pid=78483
2026-09-03 02:09:06 alive=true healthz=200 rss_kb=90464 pid=78483
2026-09-03 02:39:08 alive=true healthz=200 rss_kb=90400 pid=78483
2026-09-03 03:08:49 alive=true healthz=200 rss_kb=90384 pid=78483
2026-09-03 03:39:09 alive=true healthz=200 rss_kb=90416 pid=78483
2026-09-03 04:08:48 alive=true healthz=200 rss_kb=90384 pid=78483
2026-09-03 04:38:55 alive=true healthz=200 rss_kb=90384 pid=78483
2026-09-03 05:09:09 alive=true healthz=200 rss_kb=95680 pid=78483
2026-09-03 05:39:12 alive=true healthz=200 rss_kb=92608 pid=78483
2026-09-03 06:09:09 alive=true healthz=200 rss_kb=92432 pid=78483
2026-09-03 06:39:09 alive=true healthz=200 rss_kb=92352 pid=78483
2026-09-03 07:09:10 alive=true healthz=200 rss_kb=92320 pid=78483
2026-09-03 07:38:52 alive=true healthz=200 rss_kb=92336 pid=78483
2026-09-03 08:09:12 alive=true healthz=200 rss_kb=92192 pid=78483
2026-09-03 08:39:12 alive=true healthz=200 rss_kb=92256 pid=78483
2026-09-03 09:09:07 alive=false healthz=- rss=-
=== RESTART MARKER: 08:39-09:09 第四次消失；连续两日 08:39-09:09 窗口 + 修复已部署仍被杀 → 改用监督器抓退出码，观察钟重置 ===
2026-09-03 09:12:19 SUPERVISOR: jai exited code=127 —— 自动拉活
2026-09-03 09:12:21 SUPERVISOR: jai exited code=127 —— 自动拉活
2026-09-03 09:12:23 alive=false healthz=- rss=-
2026-09-03 09:12:23 SUPERVISOR: jai exited code=127 —— 自动拉活
2026-09-03 09:12:25 SUPERVISOR: jai exited code=127 —— 自动拉活
2026-09-03 09:12:27 SUPERVISOR: jai exited code=127 —— 自动拉活
2026-09-03 09:12:29 SUPERVISOR: jai exited code=127 —— 自动拉活
2026-09-03 09:12:31 SUPERVISOR: jai exited code=127 —— 自动拉活
2026-09-03 09:12:33 SUPERVISOR: jai exited code=127 —— 自动拉活
2026-09-03 09:12:35 SUPERVISOR: jai exited code=127 —— 自动拉活
2026-09-03 09:12:37 SUPERVISOR: jai exited code=127 —— 自动拉活
2026-09-03 09:12:39 SUPERVISOR: jai exited code=127 —— 自动拉活
2026-09-03 09:12:41 SUPERVISOR: jai exited code=127 —— 自动拉活
2026-09-03 09:12:43 SUPERVISOR: jai exited code=127 —— 自动拉活
2026-09-03 09:12:45 SUPERVISOR: jai exited code=127 —— 自动拉活
2026-09-03 09:12:47 SUPERVISOR: jai exited code=127 —— 自动拉活
2026-09-03 09:12:49 SUPERVISOR: jai exited code=127 —— 自动拉活
2026-09-03 09:12:51 SUPERVISOR: jai exited code=127 —— 自动拉活
2026-09-03 09:12:53 SUPERVISOR: jai exited code=127 —— 自动拉活
2026-09-03 09:12:55 SUPERVISOR: jai exited code=127 —— 自动拉活
2026-09-03 09:12:57 SUPERVISOR: jai exited code=127 —— 自动拉活
2026-09-03 09:12:59 SUPERVISOR: jai exited code=127 —— 自动拉活
2026-09-03 09:13:01 SUPERVISOR: jai exited code=127 —— 自动拉活
2026-09-03 09:13:03 SUPERVISOR: jai exited code=127 —— 自动拉活
2026-09-03 09:13:05 SUPERVISOR: jai exited code=127 —— 自动拉活
2026-09-03 09:13:07 SUPERVISOR: jai exited code=127 —— 自动拉活
2026-09-03 09:13:09 SUPERVISOR: jai exited code=127 —— 自动拉活
2026-09-03 09:13:11 SUPERVISOR: jai exited code=127 —— 自动拉活
2026-09-03 09:13:14 SUPERVISOR: jai exited code=127 —— 自动拉活
2026-09-03 09:13:16 SUPERVISOR: jai exited code=127 —— 自动拉活
2026-09-03 09:13:18 SUPERVISOR: jai exited code=127 —— 自动拉活
2026-09-03 09:13:20 SUPERVISOR: jai exited code=127 —— 自动拉活
2026-09-03 09:13:22 SUPERVISOR: jai exited code=127 —— 自动拉活
2026-09-03 09:13:24 SUPERVISOR: jai exited code=127 —— 自动拉活
2026-09-03 09:13:26 SUPERVISOR: jai exited code=127 —— 自动拉活
2026-09-03 09:13:28 SUPERVISOR: jai exited code=127 —— 自动拉活
2026-09-03 09:13:30 SUPERVISOR: jai exited code=127 —— 自动拉活
2026-09-03 09:13:32 SUPERVISOR: jai exited code=127 —— 自动拉活
2026-09-03 09:13:34 SUPERVISOR: jai exited code=127 —— 自动拉活
2026-09-03 09:13:36 SUPERVISOR: jai exited code=127 —— 自动拉活
2026-09-03 09:13:38 SUPERVISOR: jai exited code=127 —— 自动拉活
2026-09-03 09:13:40 SUPERVISOR: jai exited code=127 —— 自动拉活
2026-09-03 09:13:42 SUPERVISOR: jai exited code=127 —— 自动拉活
2026-09-03 09:13:44 SUPERVISOR: jai exited code=127 —— 自动拉活
2026-09-03 09:13:46 SUPERVISOR: jai exited code=127 —— 自动拉活
2026-09-03 09:13:48 SUPERVISOR: jai exited code=127 —— 自动拉活
2026-09-03 09:13:50 SUPERVISOR: jai exited code=127 —— 自动拉活
2026-09-03 09:13:51 SUPERVISOR: jai exited code=127 —— 自动拉活
2026-09-03 09:13:52 SUPERVISOR: jai exited code=127 —— 自动拉活
2026-09-03 09:13:53 SUPERVISOR: jai exited code=127 —— 自动拉活
2026-09-03 09:13:54 SUPERVISOR: jai exited code=127 —— 自动拉活
2026-09-03 09:13:55 SUPERVISOR: jai exited code=127 —— 自动拉活
2026-09-03 09:13:56 SUPERVISOR: jai exited code=127 —— 自动拉活
2026-09-03 09:13:57 SUPERVISOR: jai exited code=127 —— 自动拉活
2026-09-03 09:13:58 SUPERVISOR: jai exited code=127 —— 自动拉活
2026-09-03 09:13:59 SUPERVISOR: jai exited code=127 —— 自动拉活
2026-09-03 09:14:00 SUPERVISOR: jai exited code=127 —— 自动拉活
2026-09-03 09:14:01 SUPERVISOR: jai exited code=127 —— 自动拉活
2026-09-03 09:14:02 SUPERVISOR: jai exited code=127 —— 自动拉活
2026-09-03 09:14:03 SUPERVISOR: jai exited code=127 —— 自动拉活
2026-09-03 09:14:04 SUPERVISOR: jai exited code=127 —— 自动拉活
2026-09-03 09:14:05 SUPERVISOR: jai exited code=127 —— 自动拉活
2026-09-03 09:14:06 SUPERVISOR: jai exited code=127 —— 自动拉活
2026-09-03 09:14:07 SUPERVISOR: jai exited code=127 —— 自动拉活
2026-09-03 09:14:08 SUPERVISOR: jai exited code=127 —— 自动拉活
2026-09-03 09:14:09 SUPERVISOR: jai exited code=127 —— 自动拉活
2026-09-03 09:14:10 SUPERVISOR: jai exited code=127 —— 自动拉活
2026-09-03 09:14:11 SUPERVISOR: jai exited code=127 —— 自动拉活
2026-09-03 09:14:12 SUPERVISOR: jai exited code=127 —— 自动拉活
2026-09-03 09:14:13 SUPERVISOR: jai exited code=127 —— 自动拉活
2026-09-03 09:14:15 SUPERVISOR: jai exited code=127 —— 自动拉活
2026-09-03 09:14:15 SUPERVISOR: jai exited code=127 —— 自动拉活
2026-09-03 09:14:17 SUPERVISOR: jai exited code=127 —— 自动拉活
2026-09-03 09:14:17 SUPERVISOR: jai exited code=127 —— 自动拉活
2026-09-03 09:14:17 alive=false healthz=- rss=-
2026-09-03 09:14:19 SUPERVISOR: jai exited code=127 —— 自动拉活
2026-09-03 09:14:19 SUPERVISOR: jai exited code=127 —— 自动拉活
2026-09-03 09:14:21 SUPERVISOR: jai exited code=127 —— 自动拉活
2026-09-03 09:14:21 SUPERVISOR: jai exited code=127 —— 自动拉活
2026-09-03 09:14:23 SUPERVISOR: jai exited code=127 —— 自动拉活
2026-09-03 09:14:23 SUPERVISOR: jai exited code=127 —— 自动拉活
2026-09-03 09:14:25 SUPERVISOR: jai exited code=127 —— 自动拉活
2026-09-03 09:14:25 SUPERVISOR: jai exited code=127 —— 自动拉活
2026-09-03 09:14:27 SUPERVISOR: jai exited code=127 —— 自动拉活
2026-09-03 09:14:27 SUPERVISOR: jai exited code=127 —— 自动拉活
2026-09-03 09:14:29 SUPERVISOR: jai exited code=127 —— 自动拉活
2026-09-03 09:14:29 SUPERVISOR: jai exited code=127 —— 自动拉活
2026-09-03 09:14:31 SUPERVISOR: jai exited code=127 —— 自动拉活
2026-09-03 09:14:31 SUPERVISOR: jai exited code=127 —— 自动拉活
2026-09-03 09:14:33 SUPERVISOR: jai exited code=127 —— 自动拉活
2026-09-03 09:14:33 SUPERVISOR: jai exited code=127 —— 自动拉活
2026-09-03 09:14:35 SUPERVISOR: jai exited code=127 —— 自动拉活
2026-09-03 09:14:35 SUPERVISOR: jai exited code=127 —— 自动拉活
2026-09-03 09:14:37 SUPERVISOR: jai exited code=127 —— 自动拉活
2026-09-03 09:14:37 SUPERVISOR: jai exited code=127 —— 自动拉活
2026-09-03 09:14:39 SUPERVISOR: jai exited code=127 —— 自动拉活
2026-09-03 09:14:39 SUPERVISOR: jai exited code=127 —— 自动拉活
2026-09-03 09:14:41 SUPERVISOR: jai exited code=127 —— 自动拉活
2026-09-03 09:14:41 SUPERVISOR: jai exited code=127 —— 自动拉活
2026-09-03 09:14:43 SUPERVISOR: jai exited code=127 —— 自动拉活
2026-09-03 09:14:43 SUPERVISOR: jai exited code=127 —— 自动拉活
2026-09-03 09:14:45 SUPERVISOR: jai exited code=127 —— 自动拉活
2026-09-03 09:14:45 SUPERVISOR: jai exited code=127 —— 自动拉活
2026-09-03 09:14:47 SUPERVISOR: jai exited code=127 —— 自动拉活
2026-09-03 09:14:47 SUPERVISOR: jai exited code=127 —— 自动拉活
2026-09-03 09:14:49 SUPERVISOR: jai exited code=127 —— 自动拉活
2026-09-03 09:14:49 SUPERVISOR: jai exited code=127 —— 自动拉活
2026-09-03 09:14:51 SUPERVISOR: jai exited code=127 —— 自动拉活
2026-09-03 09:14:51 SUPERVISOR: jai exited code=127 —— 自动拉活
2026-09-03 09:14:53 SUPERVISOR: jai exited code=127 —— 自动拉活
2026-09-03 09:14:53 SUPERVISOR: jai exited code=127 —— 自动拉活
2026-09-03 09:14:55 SUPERVISOR: jai exited code=127 —— 自动拉活
2026-09-03 09:14:55 SUPERVISOR: jai exited code=127 —— 自动拉活
2026-09-03 09:14:57 SUPERVISOR: jai exited code=127 —— 自动拉活
2026-09-03 09:14:58 SUPERVISOR: jai exited code=127 —— 自动拉活
2026-09-03 09:14:59 SUPERVISOR: jai exited code=127 —— 自动拉活
2026-09-03 09:15:00 SUPERVISOR: jai exited code=127 —— 自动拉活
2026-09-03 09:15:01 SUPERVISOR: jai exited code=127 —— 自动拉活
2026-09-03 09:15:02 SUPERVISOR: jai exited code=127 —— 自动拉活
2026-09-03 09:15:03 SUPERVISOR: jai exited code=127 —— 自动拉活
2026-09-03 09:15:04 SUPERVISOR: jai exited code=127 —— 自动拉活
2026-09-03 09:15:05 SUPERVISOR: jai exited code=127 —— 自动拉活
2026-09-03 09:15:06 SUPERVISOR: jai exited code=127 —— 自动拉活
2026-09-03 09:15:07 SUPERVISOR: jai exited code=127 —— 自动拉活
2026-09-03 09:15:08 SUPERVISOR: jai exited code=127 —— 自动拉活
2026-09-03 09:15:09 SUPERVISOR: jai exited code=127 —— 自动拉活
2026-09-03 09:15:10 SUPERVISOR: jai exited code=127 —— 自动拉活
2026-09-03 09:15:11 SUPERVISOR: jai exited code=127 —— 自动拉活
2026-09-03 09:15:12 SUPERVISOR: jai exited code=127 —— 自动拉活
2026-09-03 09:15:14 SUPERVISOR: jai exited code=127 —— 自动拉活
2026-09-03 09:15:14 SUPERVISOR: jai exited code=127 —— 自动拉活
2026-09-03 09:15:16 SUPERVISOR: jai exited code=127 —— 自动拉活
2026-09-03 09:15:16 SUPERVISOR: jai exited code=127 —— 自动拉活
2026-09-03 09:15:18 SUPERVISOR: jai exited code=127 —— 自动拉活
2026-09-03 09:15:18 SUPERVISOR: jai exited code=127 —— 自动拉活
2026-09-03 09:15:20 SUPERVISOR: jai exited code=127 —— 自动拉活
2026-09-03 09:15:20 SUPERVISOR: jai exited code=127 —— 自动拉活
2026-09-03 09:15:22 SUPERVISOR: jai exited code=127 —— 自动拉活
2026-09-03 09:15:22 SUPERVISOR: jai exited code=127 —— 自动拉活
2026-09-03 09:15:24 SUPERVISOR: jai exited code=127 —— 自动拉活
2026-09-03 09:15:24 SUPERVISOR: jai exited code=127 —— 自动拉活
2026-09-03 09:15:26 SUPERVISOR: jai exited code=127 —— 自动拉活
2026-09-03 09:15:26 SUPERVISOR: jai exited code=127 —— 自动拉活
2026-09-03 09:15:28 SUPERVISOR: jai exited code=127 —— 自动拉活
2026-09-03 09:15:28 SUPERVISOR: jai exited code=127 —— 自动拉活
2026-09-03 09:15:30 SUPERVISOR: jai exited code=127 —— 自动拉活
2026-09-03 09:15:30 SUPERVISOR: jai exited code=127 —— 自动拉活
2026-09-03 09:15:32 SUPERVISOR: jai exited code=127 —— 自动拉活
2026-09-03 09:15:32 SUPERVISOR: jai exited code=127 —— 自动拉活
2026-09-03 09:15:34 SUPERVISOR: jai exited code=127 —— 自动拉活
2026-09-03 09:15:34 SUPERVISOR: jai exited code=127 —— 自动拉活
2026-09-03 09:15:36 SUPERVISOR: jai exited code=127 —— 自动拉活
2026-09-03 09:15:36 SUPERVISOR: jai exited code=127 —— 自动拉活
2026-09-03 09:15:38 SUPERVISOR: jai exited code=127 —— 自动拉活
2026-09-03 09:15:38 SUPERVISOR: jai exited code=127 —— 自动拉活
2026-09-03 09:15:40 SUPERVISOR: jai exited code=127 —— 自动拉活
2026-09-03 09:15:40 SUPERVISOR: jai exited code=127 —— 自动拉活
2026-09-03 09:15:42 SUPERVISOR: jai exited code=127 —— 自动拉活
2026-09-03 09:15:42 SUPERVISOR: jai exited code=127 —— 自动拉活
2026-09-03 09:15:44 SUPERVISOR: jai exited code=127 —— 自动拉活
2026-09-03 09:15:44 SUPERVISOR: jai exited code=127 —— 自动拉活
2026-09-03 09:15:46 SUPERVISOR: jai exited code=127 —— 自动拉活
2026-09-03 09:15:46 SUPERVISOR: jai exited code=127 —— 自动拉活
2026-09-03 09:15:48 SUPERVISOR: jai exited code=127 —— 自动拉活
2026-09-03 09:15:48 SUPERVISOR: jai exited code=127 —— 自动拉活
2026-09-03 09:15:50 SUPERVISOR: jai exited code=127 —— 自动拉活
2026-09-03 09:15:50 SUPERVISOR: jai exited code=127 —— 自动拉活
2026-09-03 09:15:52 SUPERVISOR: jai exited code=127 —— 自动拉活
2026-09-03 09:15:54 SUPERVISOR: jai exited code=127 —— 自动拉活
2026-09-03 09:15:56 SUPERVISOR: jai exited code=127 —— 自动拉活
2026-09-03 09:15:58 SUPERVISOR: jai exited code=127 —— 自动拉活
2026-09-03 09:16:00 SUPERVISOR: jai exited code=127 —— 自动拉活
2026-09-03 09:16:02 SUPERVISOR: jai exited code=127 —— 自动拉活
2026-09-03 09:16:04 SUPERVISOR: jai exited code=127 —— 自动拉活
2026-09-03 09:16:06 SUPERVISOR: jai exited code=127 —— 自动拉活
2026-09-03 09:16:08 SUPERVISOR: jai exited code=127 —— 自动拉活
2026-09-03 09:16:10 SUPERVISOR: jai exited code=127 —— 自动拉活
2026-09-03 09:16:12 SUPERVISOR: jai exited code=127 —— 自动拉活
2026-09-03 09:16:14 SUPERVISOR: jai exited code=127 —— 自动拉活
2026-09-03 09:16:16 SUPERVISOR: jai exited code=127 —— 自动拉活
2026-09-03 09:16:18 SUPERVISOR: jai exited code=127 —— 自动拉活
2026-09-03 09:16:20 SUPERVISOR: jai exited code=127 —— 自动拉活
2026-09-03 09:16:23 SUPERVISOR: jai exited code=127 —— 自动拉活
2026-09-03 09:16:25 SUPERVISOR: jai exited code=127 —— 自动拉活
2026-09-03 09:16:27 SUPERVISOR: jai exited code=127 —— 自动拉活
2026-09-03 09:16:29 SUPERVISOR: jai exited code=127 —— 自动拉活
2026-09-03 09:16:31 SUPERVISOR: jai exited code=127 —— 自动拉活
2026-09-03 09:16:33 SUPERVISOR: jai exited code=127 —— 自动拉活
2026-09-03 09:16:35 SUPERVISOR: jai exited code=127 —— 自动拉活
2026-09-03 09:16:37 SUPERVISOR: jai exited code=127 —— 自动拉活
2026-09-03 09:16:39 SUPERVISOR: jai exited code=127 —— 自动拉活
2026-09-03 09:16:41 SUPERVISOR: jai exited code=127 —— 自动拉活
2026-09-03 09:16:43 SUPERVISOR: jai exited code=127 —— 自动拉活
2026-09-03 09:16:45 SUPERVISOR: jai exited code=127 —— 自动拉活
2026-09-03 09:16:47 SUPERVISOR: jai exited code=127 —— 自动拉活
2026-09-03 09:16:49 SUPERVISOR: jai exited code=127 —— 自动拉活
2026-09-03 09:16:51 SUPERVISOR: jai exited code=127 —— 自动拉活
2026-09-03 09:16:53 SUPERVISOR: jai exited code=127 —— 自动拉活
2026-09-03 09:16:55 SUPERVISOR: jai exited code=127 —— 自动拉活
2026-09-03 09:16:57 SUPERVISOR: jai exited code=127 —— 自动拉活
2026-09-03 09:16:59 SUPERVISOR: jai exited code=127 —— 自动拉活
2026-09-03 09:17:01 SUPERVISOR: jai exited code=127 —— 自动拉活
2026-09-03 09:17:03 SUPERVISOR: jai exited code=127 —— 自动拉活
2026-09-03 09:17:05 SUPERVISOR: jai exited code=127 —— 自动拉活
2026-09-03 09:17:07 SUPERVISOR: jai exited code=127 —— 自动拉活
2026-09-03 09:17:09 SUPERVISOR: jai exited code=127 —— 自动拉活
2026-09-03 09:17:11 SUPERVISOR: jai exited code=127 —— 自动拉活
2026-09-03 09:17:13 SUPERVISOR: jai exited code=127 —— 自动拉活
2026-09-03 09:17:15 SUPERVISOR: jai exited code=127 —— 自动拉活
2026-09-03 09:17:17 SUPERVISOR: jai exited code=127 —— 自动拉活
2026-09-03 09:17:19 SUPERVISOR: jai exited code=127 —— 自动拉活
2026-09-03 09:17:21 SUPERVISOR: jai exited code=127 —— 自动拉活
2026-09-03 09:17:23 SUPERVISOR: jai exited code=127 —— 自动拉活
2026-09-03 09:17:25 SUPERVISOR: jai exited code=127 —— 自动拉活
2026-09-03 09:17:27 SUPERVISOR: jai exited code=127 —— 自动拉活
2026-09-03 09:17:29 SUPERVISOR: jai exited code=127 —— 自动拉活
2026-09-03 09:17:31 SUPERVISOR: jai exited code=127 —— 自动拉活
2026-09-03 09:17:33 SUPERVISOR: jai exited code=127 —— 自动拉活
2026-09-03 09:17:35 SUPERVISOR: jai exited code=127 —— 自动拉活
2026-09-03 09:17:38 SUPERVISOR: jai exited code=127 —— 自动拉活
2026-09-03 09:17:40 SUPERVISOR: jai exited code=127 —— 自动拉活
2026-09-03 09:17:42 SUPERVISOR: jai exited code=127 —— 自动拉活
2026-09-03 09:17:44 SUPERVISOR: jai exited code=127 —— 自动拉活
2026-09-03 09:17:46 SUPERVISOR: jai exited code=127 —— 自动拉活
2026-09-03 09:17:48 SUPERVISOR: jai exited code=127 —— 自动拉活
2026-09-03 09:17:50 SUPERVISOR: jai exited code=127 —— 自动拉活
2026-09-03 09:17:52 SUPERVISOR: jai exited code=127 —— 自动拉活
2026-09-03 09:17:54 SUPERVISOR: jai exited code=127 —— 自动拉活
2026-09-03 09:17:56 SUPERVISOR: jai exited code=127 —— 自动拉活
2026-09-03 09:17:58 SUPERVISOR: jai exited code=127 —— 自动拉活
2026-09-03 09:18:00 SUPERVISOR: jai exited code=127 —— 自动拉活
2026-09-03 09:18:02 SUPERVISOR: jai exited code=127 —— 自动拉活
2026-09-03 09:18:04 SUPERVISOR: jai exited code=127 —— 自动拉活
2026-09-03 09:18:06 SUPERVISOR: jai exited code=127 —— 自动拉活
2026-09-03 09:18:08 SUPERVISOR: jai exited code=127 —— 自动拉活
2026-09-03 09:18:10 SUPERVISOR: jai exited code=127 —— 自动拉活
2026-09-03 09:18:12 SUPERVISOR: jai exited code=127 —— 自动拉活
2026-09-03 09:18:14 SUPERVISOR: jai exited code=127 —— 自动拉活
2026-09-03 09:18:16 SUPERVISOR: jai exited code=127 —— 自动拉活
2026-09-03 09:18:18 SUPERVISOR: jai exited code=127 —— 自动拉活
2026-09-03 09:18:20 SUPERVISOR: jai exited code=127 —— 自动拉活
2026-09-03 09:18:22 SUPERVISOR: jai exited code=127 —— 自动拉活
2026-09-03 09:18:24 SUPERVISOR: jai exited code=127 —— 自动拉活
2026-09-03 09:18:26 SUPERVISOR: jai exited code=127 —— 自动拉活
2026-09-03 09:18:28 SUPERVISOR: jai exited code=127 —— 自动拉活
2026-09-03 09:18:30 SUPERVISOR: jai exited code=127 —— 自动拉活
2026-09-03 09:18:32 SUPERVISOR: jai exited code=127 —— 自动拉活
2026-09-03 09:18:34 SUPERVISOR: jai exited code=127 —— 自动拉活
2026-09-03 09:18:36 SUPERVISOR: jai exited code=127 —— 自动拉活
2026-09-03 09:18:38 SUPERVISOR: jai exited code=127 —— 自动拉活
2026-09-03 09:18:40 SUPERVISOR: jai exited code=127 —— 自动拉活
2026-09-03 09:18:42 SUPERVISOR: jai exited code=127 —— 自动拉活
2026-09-03 09:18:44 SUPERVISOR: jai exited code=127 —— 自动拉活
2026-09-03 09:18:46 SUPERVISOR: jai exited code=127 —— 自动拉活
2026-09-03 09:18:48 SUPERVISOR: jai exited code=127 —— 自动拉活
2026-09-03 09:18:50 SUPERVISOR: jai exited code=127 —— 自动拉活
2026-09-03 09:18:53 SUPERVISOR: jai exited code=127 —— 自动拉活
2026-09-03 09:18:55 SUPERVISOR: jai exited code=127 —— 自动拉活
2026-09-03 09:18:57 SUPERVISOR: jai exited code=127 —— 自动拉活
2026-09-03 09:18:59 SUPERVISOR: jai exited code=127 —— 自动拉活
2026-09-03 09:19:01 SUPERVISOR: jai exited code=127 —— 自动拉活
2026-09-03 09:19:03 SUPERVISOR: jai exited code=127 —— 自动拉活
2026-09-03 09:19:05 SUPERVISOR: jai exited code=127 —— 自动拉活
2026-09-03 09:19:07 SUPERVISOR: jai exited code=127 —— 自动拉活
2026-09-03 09:19:09 SUPERVISOR: jai exited code=127 —— 自动拉活
2026-09-03 09:19:11 SUPERVISOR: jai exited code=127 —— 自动拉活
2026-09-03 09:19:13 SUPERVISOR: jai exited code=127 —— 自动拉活
2026-09-03 09:19:15 SUPERVISOR: jai exited code=127 —— 自动拉活
2026-09-03 09:19:17 SUPERVISOR: jai exited code=127 —— 自动拉活
2026-09-03 09:19:19 SUPERVISOR: jai exited code=127 —— 自动拉活
2026-09-03 09:19:21 SUPERVISOR: jai exited code=127 —— 自动拉活
2026-09-03 09:19:23 SUPERVISOR: jai exited code=127 —— 自动拉活
2026-09-03 09:19:25 SUPERVISOR: jai exited code=127 —— 自动拉活
2026-09-03 09:19:27 SUPERVISOR: jai exited code=127 —— 自动拉活
2026-09-03 09:19:29 SUPERVISOR: jai exited code=127 —— 自动拉活
2026-09-03 09:19:31 SUPERVISOR: jai exited code=127 —— 自动拉活
2026-09-03 09:19:33 SUPERVISOR: jai exited code=127 —— 自动拉活
2026-09-03 09:19:35 SUPERVISOR: jai exited code=127 —— 自动拉活
2026-09-03 09:19:37 SUPERVISOR: jai exited code=127 —— 自动拉活
2026-09-03 09:19:39 SUPERVISOR: jai exited code=127 —— 自动拉活
2026-09-03 09:19:41 SUPERVISOR: jai exited code=127 —— 自动拉活
2026-09-03 09:19:43 SUPERVISOR: jai exited code=127 —— 自动拉活
2026-09-03 09:19:45 SUPERVISOR: jai exited code=127 —— 自动拉活
2026-09-03 09:19:47 SUPERVISOR: jai exited code=127 —— 自动拉活
2026-09-03 09:19:49 SUPERVISOR: jai exited code=127 —— 自动拉活
2026-09-03 09:19:51 SUPERVISOR: jai exited code=127 —— 自动拉活
2026-09-03 09:19:53 SUPERVISOR: jai exited code=127 —— 自动拉活
2026-09-03 09:19:55 SUPERVISOR: jai exited code=127 —— 自动拉活
2026-09-03 09:19:57 SUPERVISOR: jai exited code=127 —— 自动拉活
2026-09-03 09:19:59 SUPERVISOR: jai exited code=127 —— 自动拉活
2026-09-03 09:20:01 SUPERVISOR: jai exited code=127 —— 自动拉活
2026-09-03 09:20:03 SUPERVISOR: jai exited code=127 —— 自动拉活
2026-09-03 09:20:05 SUPERVISOR: jai exited code=127 —— 自动拉活
2026-09-03 09:20:07 SUPERVISOR: jai exited code=127 —— 自动拉活
2026-09-03 09:20:09 SUPERVISOR: jai exited code=127 —— 自动拉活
2026-09-03 09:20:12 SUPERVISOR: jai exited code=127 —— 自动拉活
2026-09-03 09:20:14 SUPERVISOR: jai exited code=127 —— 自动拉活
2026-09-03 09:20:16 SUPERVISOR: jai exited code=127 —— 自动拉活
2026-09-03 09:20:18 SUPERVISOR: jai exited code=127 —— 自动拉活
2026-09-03 09:20:20 SUPERVISOR: jai exited code=127 —— 自动拉活
2026-09-03 09:20:22 SUPERVISOR: jai exited code=127 —— 自动拉活
2026-09-03 09:20:24 SUPERVISOR: jai exited code=127 —— 自动拉活
2026-09-03 09:20:26 SUPERVISOR: jai exited code=127 —— 自动拉活
2026-09-03 09:20:28 SUPERVISOR: jai exited code=127 —— 自动拉活
2026-09-03 09:20:30 SUPERVISOR: jai exited code=127 —— 自动拉活
2026-09-03 09:20:32 SUPERVISOR: jai exited code=127 —— 自动拉活
2026-09-03 09:20:34 SUPERVISOR: jai exited code=127 —— 自动拉活
2026-09-03 09:20:36 SUPERVISOR: jai exited code=127 —— 自动拉活
2026-09-03 09:20:38 SUPERVISOR: jai exited code=127 —— 自动拉活
2026-09-03 09:20:40 SUPERVISOR: jai exited code=127 —— 自动拉活
2026-09-03 09:20:42 SUPERVISOR: jai exited code=127 —— 自动拉活
2026-09-03 09:20:44 SUPERVISOR: jai exited code=127 —— 自动拉活
2026-09-03 09:20:46 SUPERVISOR: jai exited code=127 —— 自动拉活
2026-09-03 09:20:48 SUPERVISOR: jai exited code=127 —— 自动拉活
2026-09-03 09:20:50 SUPERVISOR: jai exited code=127 —— 自动拉活
2026-09-03 09:20:52 SUPERVISOR: jai exited code=127 —— 自动拉活
2026-09-03 09:20:54 SUPERVISOR: jai exited code=127 —— 自动拉活
2026-09-03 09:20:56 SUPERVISOR: jai exited code=127 —— 自动拉活
2026-09-03 09:20:58 SUPERVISOR: jai exited code=127 —— 自动拉活
2026-09-03 09:21:00 SUPERVISOR: jai exited code=127 —— 自动拉活
2026-09-03 09:21:02 SUPERVISOR: jai exited code=127 —— 自动拉活
2026-09-03 09:21:04 SUPERVISOR: jai exited code=127 —— 自动拉活
2026-09-03 09:21:06 SUPERVISOR: jai exited code=127 —— 自动拉活
2026-09-03 09:21:08 SUPERVISOR: jai exited code=127 —— 自动拉活
2026-09-03 09:21:10 SUPERVISOR: jai exited code=127 —— 自动拉活
2026-09-03 09:21:12 SUPERVISOR: jai exited code=127 —— 自动拉活
2026-09-03 09:21:14 SUPERVISOR: jai exited code=127 —— 自动拉活
2026-09-03 09:21:16 SUPERVISOR: jai exited code=127 —— 自动拉活
2026-09-03 09:21:18 SUPERVISOR: jai exited code=127 —— 自动拉活
2026-09-03 09:21:20 SUPERVISOR: jai exited code=127 —— 自动拉活
2026-09-03 09:21:22 SUPERVISOR: jai exited code=127 —— 自动拉活
2026-09-03 09:21:24 SUPERVISOR: jai exited code=127 —— 自动拉活
2026-09-03 09:21:27 SUPERVISOR: jai exited code=127 —— 自动拉活
2026-09-03 09:21:29 SUPERVISOR: jai exited code=127 —— 自动拉活
2026-09-03 09:21:31 SUPERVISOR: jai exited code=127 —— 自动拉活
2026-09-03 09:21:33 SUPERVISOR: jai exited code=127 —— 自动拉活
2026-09-03 09:21:35 SUPERVISOR: jai exited code=127 —— 自动拉活
2026-09-03 09:21:37 SUPERVISOR: jai exited code=127 —— 自动拉活
2026-09-03 09:21:39 SUPERVISOR: jai exited code=127 —— 自动拉活
2026-09-03 09:21:41 SUPERVISOR: jai exited code=127 —— 自动拉活
2026-09-03 09:21:43 SUPERVISOR: jai exited code=127 —— 自动拉活
2026-09-03 09:21:45 SUPERVISOR: jai exited code=127 —— 自动拉活
2026-09-03 09:21:47 SUPERVISOR: jai exited code=127 —— 自动拉活
2026-09-03 09:21:49 SUPERVISOR: jai exited code=127 —— 自动拉活
2026-09-03 09:21:51 SUPERVISOR: jai exited code=127 —— 自动拉活
2026-09-03 09:21:53 SUPERVISOR: jai exited code=127 —— 自动拉活
2026-09-03 09:21:55 SUPERVISOR: jai exited code=127 —— 自动拉活
2026-09-03 09:21:57 SUPERVISOR: jai exited code=127 —— 自动拉活
2026-09-03 09:21:59 SUPERVISOR: jai exited code=127 —— 自动拉活
2026-09-03 09:22:01 SUPERVISOR: jai exited code=127 —— 自动拉活
2026-09-03 09:22:03 SUPERVISOR: jai exited code=127 —— 自动拉活
2026-09-03 09:22:05 SUPERVISOR: jai exited code=127 —— 自动拉活
2026-09-03 09:22:07 SUPERVISOR: jai exited code=127 —— 自动拉活
2026-09-03 09:22:09 SUPERVISOR: jai exited code=127 —— 自动拉活
2026-09-03 09:22:11 SUPERVISOR: jai exited code=127 —— 自动拉活
2026-09-03 09:22:13 SUPERVISOR: jai exited code=127 —— 自动拉活
2026-09-03 09:22:15 SUPERVISOR: jai exited code=127 —— 自动拉活
2026-09-03 09:22:17 SUPERVISOR: jai exited code=127 —— 自动拉活
2026-09-03 09:22:19 SUPERVISOR: jai exited code=127 —— 自动拉活
2026-09-03 09:22:21 SUPERVISOR: jai exited code=127 —— 自动拉活
2026-09-03 09:22:23 SUPERVISOR: jai exited code=127 —— 自动拉活
2026-09-03 09:22:25 SUPERVISOR: jai exited code=127 —— 自动拉活
2026-09-03 09:22:28 SUPERVISOR: jai exited code=127 —— 自动拉活
2026-09-03 09:22:30 SUPERVISOR: jai exited code=127 —— 自动拉活
2026-09-03 09:22:32 SUPERVISOR: jai exited code=127 —— 自动拉活
2026-09-03 09:22:34 SUPERVISOR: jai exited code=127 —— 自动拉活
2026-09-03 09:22:36 SUPERVISOR: jai exited code=127 —— 自动拉活
2026-09-03 09:22:38 SUPERVISOR: jai exited code=127 —— 自动拉活
2026-09-03 09:22:40 SUPERVISOR: jai exited code=127 —— 自动拉活
2026-09-03 09:22:42 SUPERVISOR: jai exited code=127 —— 自动拉活
2026-09-03 09:22:44 SUPERVISOR: jai exited code=127 —— 自动拉活
2026-09-03 09:22:46 SUPERVISOR: jai exited code=127 —— 自动拉活
2026-09-03 09:22:48 SUPERVISOR: jai exited code=127 —— 自动拉活
2026-09-03 09:22:50 SUPERVISOR: jai exited code=127 —— 自动拉活
2026-09-03 09:22:52 SUPERVISOR: jai exited code=127 —— 自动拉活
2026-09-03 09:22:54 SUPERVISOR: jai exited code=127 —— 自动拉活
2026-09-03 09:22:56 SUPERVISOR: jai exited code=127 —— 自动拉活
2026-09-03 09:22:58 SUPERVISOR: jai exited code=127 —— 自动拉活
2026-09-03 09:23:00 SUPERVISOR: jai exited code=127 —— 自动拉活
2026-09-03 09:23:02 SUPERVISOR: jai exited code=127 —— 自动拉活
2026-09-03 09:23:04 SUPERVISOR: jai exited code=127 —— 自动拉活
2026-09-03 09:23:06 SUPERVISOR: jai exited code=127 —— 自动拉活
2026-09-03 09:23:08 SUPERVISOR: jai exited code=127 —— 自动拉活
2026-09-03 09:23:10 SUPERVISOR: jai exited code=127 —— 自动拉活
2026-09-03 09:23:12 SUPERVISOR: jai exited code=127 —— 自动拉活
2026-09-03 09:23:14 SUPERVISOR: jai exited code=127 —— 自动拉活
2026-09-03 09:23:16 SUPERVISOR: jai exited code=127 —— 自动拉活
2026-09-03 09:23:18 SUPERVISOR: jai exited code=127 —— 自动拉活
2026-09-03 09:23:20 SUPERVISOR: jai exited code=127 —— 自动拉活
2026-09-03 09:23:22 SUPERVISOR: jai exited code=127 —— 自动拉活
2026-09-03 09:23:24 SUPERVISOR: jai exited code=127 —— 自动拉活
2026-09-03 09:23:26 SUPERVISOR: jai exited code=127 —— 自动拉活
2026-09-03 09:23:28 SUPERVISOR: jai exited code=127 —— 自动拉活
2026-09-03 09:23:30 SUPERVISOR: jai exited code=127 —— 自动拉活
2026-09-03 09:23:32 SUPERVISOR: jai exited code=127 —— 自动拉活
2026-09-03 09:23:34 SUPERVISOR: jai exited code=127 —— 自动拉活
2026-09-03 09:23:37 SUPERVISOR: jai exited code=127 —— 自动拉活
2026-09-03 09:23:39 SUPERVISOR: jai exited code=127 —— 自动拉活
2026-09-03 09:23:41 SUPERVISOR: jai exited code=127 —— 自动拉活
2026-09-03 09:23:43 SUPERVISOR: jai exited code=127 —— 自动拉活
2026-09-03 09:23:45 SUPERVISOR: jai exited code=127 —— 自动拉活
2026-09-03 09:23:47 SUPERVISOR: jai exited code=127 —— 自动拉活
2026-09-03 09:23:49 SUPERVISOR: jai exited code=127 —— 自动拉活
2026-09-03 09:23:51 SUPERVISOR: jai exited code=127 —— 自动拉活
2026-09-03 09:23:53 SUPERVISOR: jai exited code=127 —— 自动拉活
2026-09-03 09:23:55 SUPERVISOR: jai exited code=127 —— 自动拉活
2026-09-03 09:23:57 SUPERVISOR: jai exited code=127 —— 自动拉活
2026-09-03 09:23:59 SUPERVISOR: jai exited code=127 —— 自动拉活
2026-09-03 09:24:01 SUPERVISOR: jai exited code=127 —— 自动拉活
2026-09-03 09:24:03 SUPERVISOR: jai exited code=127 —— 自动拉活
2026-09-03 09:24:05 SUPERVISOR: jai exited code=127 —— 自动拉活
2026-09-03 09:24:07 SUPERVISOR: jai exited code=127 —— 自动拉活
2026-09-03 09:24:09 SUPERVISOR: jai exited code=127 —— 自动拉活
2026-09-03 09:24:11 SUPERVISOR: jai exited code=127 —— 自动拉活
2026-09-03 09:24:13 SUPERVISOR: jai exited code=127 —— 自动拉活
2026-09-03 09:24:15 SUPERVISOR: jai exited code=127 —— 自动拉活
2026-09-03 09:24:17 SUPERVISOR: jai exited code=127 —— 自动拉活
2026-09-03 09:24:19 SUPERVISOR: jai exited code=127 —— 自动拉活
2026-09-03 09:24:21 SUPERVISOR: jai exited code=127 —— 自动拉活
2026-09-03 09:24:23 SUPERVISOR: jai exited code=127 —— 自动拉活
2026-09-03 09:24:25 SUPERVISOR: jai exited code=127 —— 自动拉活
2026-09-03 09:24:27 SUPERVISOR: jai exited code=127 —— 自动拉活
2026-09-03 09:24:29 SUPERVISOR: jai exited code=127 —— 自动拉活
2026-09-03 09:24:31 SUPERVISOR: jai exited code=127 —— 自动拉活
2026-09-03 09:24:33 SUPERVISOR: jai exited code=127 —— 自动拉活
2026-09-03 09:24:35 SUPERVISOR: jai exited code=127 —— 自动拉活
2026-09-03 09:24:37 SUPERVISOR: jai exited code=127 —— 自动拉活
2026-09-03 09:24:39 SUPERVISOR: jai exited code=127 —— 自动拉活
2026-09-03 09:24:42 SUPERVISOR: jai exited code=127 —— 自动拉活
2026-09-03 09:24:44 SUPERVISOR: jai exited code=127 —— 自动拉活
2026-09-03 09:24:46 SUPERVISOR: jai exited code=127 —— 自动拉活
2026-09-03 09:24:48 SUPERVISOR: jai exited code=127 —— 自动拉活
2026-09-03 09:24:50 SUPERVISOR: jai exited code=127 —— 自动拉活
2026-09-03 09:24:52 SUPERVISOR: jai exited code=127 —— 自动拉活
2026-09-03 09:24:54 SUPERVISOR: jai exited code=127 —— 自动拉活
2026-09-03 09:24:56 SUPERVISOR: jai exited code=127 —— 自动拉活
2026-09-03 09:24:58 SUPERVISOR: jai exited code=127 —— 自动拉活
2026-09-03 09:25:00 SUPERVISOR: jai exited code=127 —— 自动拉活
2026-09-03 09:25:02 SUPERVISOR: jai exited code=127 —— 自动拉活
2026-09-03 09:25:04 SUPERVISOR: jai exited code=127 —— 自动拉活
2026-09-03 09:25:06 SUPERVISOR: jai exited code=127 —— 自动拉活
2026-09-03 09:25:08 SUPERVISOR: jai exited code=127 —— 自动拉活
2026-09-03 09:25:10 SUPERVISOR: jai exited code=127 —— 自动拉活
2026-09-03 09:25:12 SUPERVISOR: jai exited code=127 —— 自动拉活
2026-09-03 09:25:14 SUPERVISOR: jai exited code=127 —— 自动拉活
2026-09-03 09:25:16 SUPERVISOR: jai exited code=127 —— 自动拉活
2026-09-03 09:25:18 SUPERVISOR: jai exited code=127 —— 自动拉活
2026-09-03 09:25:20 SUPERVISOR: jai exited code=127 —— 自动拉活
2026-09-03 09:25:22 SUPERVISOR: jai exited code=127 —— 自动拉活
2026-09-03 09:25:24 SUPERVISOR: jai exited code=127 —— 自动拉活
2026-09-03 09:25:26 SUPERVISOR: jai exited code=127 —— 自动拉活
2026-09-03 09:25:28 SUPERVISOR: jai exited code=127 —— 自动拉活
2026-09-03 09:25:30 SUPERVISOR: jai exited code=127 —— 自动拉活
2026-09-03 09:25:32 SUPERVISOR: jai exited code=127 —— 自动拉活
2026-09-03 09:25:34 SUPERVISOR: jai exited code=127 —— 自动拉活
2026-09-03 09:25:36 SUPERVISOR: jai exited code=127 —— 自动拉活
2026-09-03 09:25:38 SUPERVISOR: jai exited code=127 —— 自动拉活
2026-09-03 09:25:40 SUPERVISOR: jai exited code=127 —— 自动拉活
2026-09-03 09:25:42 SUPERVISOR: jai exited code=127 —— 自动拉活
2026-09-03 09:25:44 SUPERVISOR: jai exited code=127 —— 自动拉活
2026-09-03 09:25:46 SUPERVISOR: jai exited code=127 —— 自动拉活
2026-09-03 09:25:48 SUPERVISOR: jai exited code=127 —— 自动拉活
2026-09-03 09:25:50 SUPERVISOR: jai exited code=127 —— 自动拉活
2026-09-03 09:25:52 SUPERVISOR: jai exited code=127 —— 自动拉活
2026-09-03 09:25:54 SUPERVISOR: jai exited code=127 —— 自动拉活
2026-09-03 09:25:56 SUPERVISOR: jai exited code=127 —— 自动拉活
2026-09-03 09:25:58 SUPERVISOR: jai exited code=127 —— 自动拉活
2026-09-03 09:26:01 SUPERVISOR: jai exited code=127 —— 自动拉活
2026-09-03 09:26:03 SUPERVISOR: jai exited code=127 —— 自动拉活
2026-09-03 09:26:05 SUPERVISOR: jai exited code=127 —— 自动拉活
2026-09-03 09:26:07 SUPERVISOR: jai exited code=127 —— 自动拉活
2026-09-03 09:26:09 SUPERVISOR: jai exited code=127 —— 自动拉活
2026-09-03 09:26:11 SUPERVISOR: jai exited code=127 —— 自动拉活
2026-09-03 09:26:13 SUPERVISOR: jai exited code=127 —— 自动拉活
2026-09-03 09:26:15 SUPERVISOR: jai exited code=127 —— 自动拉活
2026-09-03 09:26:17 SUPERVISOR: jai exited code=127 —— 自动拉活
2026-09-03 09:26:19 SUPERVISOR: jai exited code=127 —— 自动拉活
2026-09-03 09:26:21 SUPERVISOR: jai exited code=127 —— 自动拉活
2026-09-03 09:26:23 SUPERVISOR: jai exited code=127 —— 自动拉活
2026-09-03 09:26:25 SUPERVISOR: jai exited code=127 —— 自动拉活
2026-09-03 09:26:27 SUPERVISOR: jai exited code=127 —— 自动拉活
2026-09-03 09:26:29 SUPERVISOR: jai exited code=127 —— 自动拉活
2026-09-03 09:26:31 SUPERVISOR: jai exited code=127 —— 自动拉活
2026-09-03 09:26:33 SUPERVISOR: jai exited code=127 —— 自动拉活
2026-09-03 09:26:35 SUPERVISOR: jai exited code=127 —— 自动拉活
2026-09-03 09:26:37 SUPERVISOR: jai exited code=127 —— 自动拉活
2026-09-03 09:26:39 SUPERVISOR: jai exited code=127 —— 自动拉活
2026-09-03 09:26:41 SUPERVISOR: jai exited code=127 —— 自动拉活
2026-09-03 09:26:43 SUPERVISOR: jai exited code=127 —— 自动拉活
2026-09-03 09:26:45 SUPERVISOR: jai exited code=127 —— 自动拉活
2026-09-03 09:26:47 SUPERVISOR: jai exited code=127 —— 自动拉活
2026-09-03 09:26:49 SUPERVISOR: jai exited code=127 —— 自动拉活
2026-09-03 09:26:51 SUPERVISOR: jai exited code=127 —— 自动拉活
2026-09-03 09:26:53 SUPERVISOR: jai exited code=127 —— 自动拉活
2026-09-03 09:26:55 SUPERVISOR: jai exited code=127 —— 自动拉活
2026-09-03 09:26:57 SUPERVISOR: jai exited code=127 —— 自动拉活
2026-09-03 09:26:59 SUPERVISOR: jai exited code=127 —— 自动拉活
2026-09-03 09:27:01 SUPERVISOR: jai exited code=127 —— 自动拉活
2026-09-03 09:27:03 SUPERVISOR: jai exited code=127 —— 自动拉活
2026-09-03 09:27:05 SUPERVISOR: jai exited code=127 —— 自动拉活
2026-09-03 09:27:07 SUPERVISOR: jai exited code=127 —— 自动拉活
2026-09-03 09:27:09 SUPERVISOR: jai exited code=127 —— 自动拉活
2026-09-03 09:27:11 SUPERVISOR: jai exited code=127 —— 自动拉活
2026-09-03 09:27:13 SUPERVISOR: jai exited code=127 —— 自动拉活
2026-09-03 09:27:15 SUPERVISOR: jai exited code=127 —— 自动拉活
2026-09-03 09:27:17 SUPERVISOR: jai exited code=127 —— 自动拉活
2026-09-03 09:27:19 SUPERVISOR: jai exited code=127 —— 自动拉活
2026-09-03 09:27:21 SUPERVISOR: jai exited code=127 —— 自动拉活
2026-09-03 09:27:23 SUPERVISOR: jai exited code=127 —— 自动拉活
2026-09-03 09:27:25 SUPERVISOR: jai exited code=127 —— 自动拉活
2026-09-03 09:27:27 SUPERVISOR: jai exited code=127 —— 自动拉活
2026-09-03 09:27:29 SUPERVISOR: jai exited code=127 —— 自动拉活
2026-09-03 09:27:31 SUPERVISOR: jai exited code=127 —— 自动拉活
2026-09-03 09:27:33 SUPERVISOR: jai exited code=127 —— 自动拉活
2026-09-03 09:27:35 SUPERVISOR: jai exited code=127 —— 自动拉活
2026-09-03 09:27:37 SUPERVISOR: jai exited code=127 —— 自动拉活
2026-09-03 09:27:40 SUPERVISOR: jai exited code=127 —— 自动拉活
2026-09-03 09:27:42 SUPERVISOR: jai exited code=127 —— 自动拉活
2026-09-03 09:27:44 SUPERVISOR: jai exited code=127 —— 自动拉活
2026-09-03 09:27:46 SUPERVISOR: jai exited code=127 —— 自动拉活
2026-09-03 09:27:48 SUPERVISOR: jai exited code=127 —— 自动拉活
2026-09-03 09:27:50 SUPERVISOR: jai exited code=127 —— 自动拉活
2026-09-03 09:27:52 SUPERVISOR: jai exited code=127 —— 自动拉活
2026-09-03 09:27:54 SUPERVISOR: jai exited code=127 —— 自动拉活
2026-09-03 09:27:56 SUPERVISOR: jai exited code=127 —— 自动拉活
2026-09-03 09:27:58 SUPERVISOR: jai exited code=127 —— 自动拉活
2026-09-03 09:28:00 SUPERVISOR: jai exited code=127 —— 自动拉活
2026-09-03 09:28:02 SUPERVISOR: jai exited code=127 —— 自动拉活
2026-09-03 09:28:04 SUPERVISOR: jai exited code=127 —— 自动拉活
2026-09-03 09:28:06 SUPERVISOR: jai exited code=127 —— 自动拉活
2026-09-03 09:28:08 SUPERVISOR: jai exited code=127 —— 自动拉活
2026-09-03 09:28:10 SUPERVISOR: jai exited code=127 —— 自动拉活
2026-09-03 09:28:12 SUPERVISOR: jai exited code=127 —— 自动拉活
2026-09-03 09:28:14 SUPERVISOR: jai exited code=127 —— 自动拉活
2026-09-03 09:28:16 SUPERVISOR: jai exited code=127 —— 自动拉活
2026-09-03 09:28:18 SUPERVISOR: jai exited code=127 —— 自动拉活
2026-09-03 09:28:20 SUPERVISOR: jai exited code=127 —— 自动拉活
2026-09-03 09:28:22 SUPERVISOR: jai exited code=127 —— 自动拉活
2026-09-03 09:28:24 SUPERVISOR: jai exited code=127 —— 自动拉活
2026-09-03 09:28:26 SUPERVISOR: jai exited code=127 —— 自动拉活
2026-09-03 09:28:28 SUPERVISOR: jai exited code=127 —— 自动拉活
2026-09-03 09:28:30 SUPERVISOR: jai exited code=127 —— 自动拉活
2026-09-03 09:28:32 SUPERVISOR: jai exited code=127 —— 自动拉活
2026-09-03 09:28:34 SUPERVISOR: jai exited code=127 —— 自动拉活
2026-09-03 09:28:36 SUPERVISOR: jai exited code=127 —— 自动拉活
2026-09-03 09:28:38 SUPERVISOR: jai exited code=127 —— 自动拉活
2026-09-03 09:28:40 SUPERVISOR: jai exited code=127 —— 自动拉活
2026-09-03 09:28:42 SUPERVISOR: jai exited code=127 —— 自动拉活
2026-09-03 09:28:44 SUPERVISOR: jai exited code=127 —— 自动拉活
2026-09-03 09:28:46 SUPERVISOR: jai exited code=127 —— 自动拉活
2026-09-03 09:28:48 SUPERVISOR: jai exited code=127 —— 自动拉活
2026-09-03 09:28:50 SUPERVISOR: jai exited code=127 —— 自动拉活
2026-09-03 09:28:52 SUPERVISOR: jai exited code=127 —— 自动拉活
2026-09-03 09:28:54 SUPERVISOR: jai exited code=127 —— 自动拉活
2026-09-03 09:28:56 SUPERVISOR: jai exited code=127 —— 自动拉活
2026-09-03 09:28:58 SUPERVISOR: jai exited code=127 —— 自动拉活
2026-09-03 09:29:00 SUPERVISOR: jai exited code=127 —— 自动拉活
2026-09-03 09:29:02 SUPERVISOR: jai exited code=127 —— 自动拉活
2026-09-03 09:29:05 SUPERVISOR: jai exited code=127 —— 自动拉活
2026-09-03 09:29:07 SUPERVISOR: jai exited code=127 —— 自动拉活
2026-09-03 09:29:09 SUPERVISOR: jai exited code=127 —— 自动拉活
2026-09-03 09:29:11 SUPERVISOR: jai exited code=127 —— 自动拉活
2026-09-03 09:29:13 SUPERVISOR: jai exited code=127 —— 自动拉活
2026-09-03 09:29:15 SUPERVISOR: jai exited code=127 —— 自动拉活
2026-09-03 09:29:17 SUPERVISOR: jai exited code=127 —— 自动拉活
2026-09-03 09:29:19 SUPERVISOR: jai exited code=127 —— 自动拉活
2026-09-03 09:29:21 SUPERVISOR: jai exited code=127 —— 自动拉活
2026-09-03 09:29:23 SUPERVISOR: jai exited code=127 —— 自动拉活
2026-09-03 09:29:25 SUPERVISOR: jai exited code=127 —— 自动拉活
2026-09-03 09:29:27 SUPERVISOR: jai exited code=127 —— 自动拉活
2026-09-03 09:29:29 SUPERVISOR: jai exited code=127 —— 自动拉活
2026-09-03 09:29:31 SUPERVISOR: jai exited code=127 —— 自动拉活
2026-09-03 09:29:33 SUPERVISOR: jai exited code=127 —— 自动拉活
2026-09-03 09:29:35 SUPERVISOR: jai exited code=127 —— 自动拉活
2026-09-03 09:29:37 SUPERVISOR: jai exited code=127 —— 自动拉活
2026-09-03 09:29:39 SUPERVISOR: jai exited code=127 —— 自动拉活
2026-09-03 09:29:41 SUPERVISOR: jai exited code=127 —— 自动拉活
2026-09-03 09:29:43 SUPERVISOR: jai exited code=127 —— 自动拉活
2026-09-03 09:29:45 SUPERVISOR: jai exited code=127 —— 自动拉活
2026-09-03 09:29:47 SUPERVISOR: jai exited code=127 —— 自动拉活
2026-09-03 09:29:49 SUPERVISOR: jai exited code=127 —— 自动拉活
2026-09-03 09:29:51 SUPERVISOR: jai exited code=127 —— 自动拉活
2026-09-03 09:29:53 SUPERVISOR: jai exited code=127 —— 自动拉活
2026-09-03 09:29:55 SUPERVISOR: jai exited code=127 —— 自动拉活
2026-09-03 09:29:57 SUPERVISOR: jai exited code=127 —— 自动拉活
2026-09-03 09:29:59 SUPERVISOR: jai exited code=127 —— 自动拉活
2026-09-03 09:30:01 SUPERVISOR: jai exited code=127 —— 自动拉活
2026-09-03 09:30:03 SUPERVISOR: jai exited code=127 —— 自动拉活
2026-09-03 09:30:05 SUPERVISOR: jai exited code=127 —— 自动拉活
2026-09-03 09:30:07 SUPERVISOR: jai exited code=127 —— 自动拉活
2026-09-03 09:30:09 SUPERVISOR: jai exited code=127 —— 自动拉活
2026-09-03 09:30:11 SUPERVISOR: jai exited code=127 —— 自动拉活
2026-09-03 09:30:13 SUPERVISOR: jai exited code=127 —— 自动拉活
2026-09-03 09:30:16 SUPERVISOR: jai exited code=127 —— 自动拉活
2026-09-03 09:30:18 SUPERVISOR: jai exited code=127 —— 自动拉活
2026-09-03 09:30:20 SUPERVISOR: jai exited code=127 —— 自动拉活
2026-09-03 09:30:22 SUPERVISOR: jai exited code=127 —— 自动拉活
2026-09-03 09:30:24 SUPERVISOR: jai exited code=127 —— 自动拉活
2026-09-03 09:30:26 SUPERVISOR: jai exited code=127 —— 自动拉活
2026-09-03 09:30:28 SUPERVISOR: jai exited code=127 —— 自动拉活
2026-09-03 09:30:30 SUPERVISOR: jai exited code=127 —— 自动拉活
2026-09-03 09:30:32 SUPERVISOR: jai exited code=127 —— 自动拉活
2026-09-03 09:30:34 SUPERVISOR: jai exited code=127 —— 自动拉活
2026-09-03 09:30:36 SUPERVISOR: jai exited code=127 —— 自动拉活
2026-09-03 09:30:38 SUPERVISOR: jai exited code=127 —— 自动拉活
2026-09-03 09:30:40 SUPERVISOR: jai exited code=127 —— 自动拉活
2026-09-03 09:30:42 SUPERVISOR: jai exited code=127 —— 自动拉活
2026-09-03 09:30:44 SUPERVISOR: jai exited code=127 —— 自动拉活
2026-09-03 09:30:46 SUPERVISOR: jai exited code=127 —— 自动拉活
2026-09-03 09:30:48 SUPERVISOR: jai exited code=127 —— 自动拉活
2026-09-03 09:30:50 SUPERVISOR: jai exited code=127 —— 自动拉活
2026-09-03 09:30:52 SUPERVISOR: jai exited code=127 —— 自动拉活
2026-09-03 09:30:54 SUPERVISOR: jai exited code=127 —— 自动拉活
2026-09-03 09:30:56 SUPERVISOR: jai exited code=127 —— 自动拉活
2026-09-03 09:30:58 SUPERVISOR: jai exited code=127 —— 自动拉活
2026-09-03 09:31:00 SUPERVISOR: jai exited code=127 —— 自动拉活
2026-09-03 09:31:02 SUPERVISOR: jai exited code=127 —— 自动拉活
2026-09-03 09:31:04 SUPERVISOR: jai exited code=127 —— 自动拉活
2026-09-03 09:31:06 SUPERVISOR: jai exited code=127 —— 自动拉活
2026-09-03 09:31:08 SUPERVISOR: jai exited code=127 —— 自动拉活
2026-09-03 09:31:10 SUPERVISOR: jai exited code=127 —— 自动拉活
2026-09-03 09:31:12 SUPERVISOR: jai exited code=127 —— 自动拉活
2026-09-03 09:31:14 SUPERVISOR: jai exited code=127 —— 自动拉活
2026-09-03 09:31:16 SUPERVISOR: jai exited code=127 —— 自动拉活
2026-09-03 09:31:18 SUPERVISOR: jai exited code=127 —— 自动拉活
2026-09-03 09:31:20 SUPERVISOR: jai exited code=127 —— 自动拉活
2026-09-03 09:31:22 SUPERVISOR: jai exited code=127 —— 自动拉活
2026-09-03 09:31:24 SUPERVISOR: jai exited code=127 —— 自动拉活
2026-09-03 09:31:26 SUPERVISOR: jai exited code=127 —— 自动拉活
2026-09-03 09:31:29 SUPERVISOR: jai exited code=127 —— 自动拉活
2026-09-03 09:31:31 SUPERVISOR: jai exited code=127 —— 自动拉活
2026-09-03 09:31:33 SUPERVISOR: jai exited code=127 —— 自动拉活
2026-09-03 09:31:35 SUPERVISOR: jai exited code=127 —— 自动拉活
2026-09-03 09:31:37 SUPERVISOR: jai exited code=127 —— 自动拉活
2026-09-03 09:31:39 SUPERVISOR: jai exited code=127 —— 自动拉活
2026-09-03 09:31:41 SUPERVISOR: jai exited code=127 —— 自动拉活
2026-09-03 09:31:43 SUPERVISOR: jai exited code=127 —— 自动拉活
2026-09-03 09:31:45 SUPERVISOR: jai exited code=127 —— 自动拉活
2026-09-03 09:31:47 SUPERVISOR: jai exited code=127 —— 自动拉活
2026-09-03 09:31:49 SUPERVISOR: jai exited code=127 —— 自动拉活
2026-09-03 09:31:51 SUPERVISOR: jai exited code=127 —— 自动拉活
2026-09-03 09:31:53 SUPERVISOR: jai exited code=127 —— 自动拉活
2026-09-03 09:31:55 SUPERVISOR: jai exited code=127 —— 自动拉活
2026-09-03 09:31:57 SUPERVISOR: jai exited code=127 —— 自动拉活
2026-09-03 09:31:59 SUPERVISOR: jai exited code=127 —— 自动拉活
2026-09-03 09:32:01 SUPERVISOR: jai exited code=127 —— 自动拉活
2026-09-03 09:32:03 SUPERVISOR: jai exited code=127 —— 自动拉活
2026-09-03 09:32:05 SUPERVISOR: jai exited code=127 —— 自动拉活
2026-09-03 09:32:07 SUPERVISOR: jai exited code=127 —— 自动拉活
2026-09-03 09:32:09 SUPERVISOR: jai exited code=127 —— 自动拉活
2026-09-03 09:32:11 SUPERVISOR: jai exited code=127 —— 自动拉活
2026-09-03 09:32:13 SUPERVISOR: jai exited code=127 —— 自动拉活
2026-09-03 09:32:15 SUPERVISOR: jai exited code=127 —— 自动拉活
2026-09-03 09:32:17 SUPERVISOR: jai exited code=127 —— 自动拉活
2026-09-03 09:32:19 SUPERVISOR: jai exited code=127 —— 自动拉活
2026-09-03 09:32:21 SUPERVISOR: jai exited code=127 —— 自动拉活
2026-09-03 09:32:23 SUPERVISOR: jai exited code=127 —— 自动拉活
2026-09-03 09:32:25 SUPERVISOR: jai exited code=127 —— 自动拉活
2026-09-03 09:32:27 SUPERVISOR: jai exited code=127 —— 自动拉活
2026-09-03 09:32:29 SUPERVISOR: jai exited code=127 —— 自动拉活
2026-09-03 09:32:31 SUPERVISOR: jai exited code=127 —— 自动拉活
2026-09-03 09:32:33 SUPERVISOR: jai exited code=127 —— 自动拉活
2026-09-03 09:32:35 SUPERVISOR: jai exited code=127 —— 自动拉活
2026-09-03 09:32:37 SUPERVISOR: jai exited code=127 —— 自动拉活
2026-09-03 09:32:39 SUPERVISOR: jai exited code=127 —— 自动拉活
2026-09-03 09:32:41 SUPERVISOR: jai exited code=127 —— 自动拉活
2026-09-03 09:32:43 SUPERVISOR: jai exited code=127 —— 自动拉活
2026-09-03 09:32:45 SUPERVISOR: jai exited code=127 —— 自动拉活
2026-09-03 09:32:47 SUPERVISOR: jai exited code=127 —— 自动拉活
2026-09-03 09:32:50 SUPERVISOR: jai exited code=127 —— 自动拉活
2026-09-03 09:32:52 SUPERVISOR: jai exited code=127 —— 自动拉活
2026-09-03 09:32:54 SUPERVISOR: jai exited code=127 —— 自动拉活
2026-09-03 09:32:56 SUPERVISOR: jai exited code=127 —— 自动拉活
2026-09-03 09:32:58 SUPERVISOR: jai exited code=127 —— 自动拉活
2026-09-03 09:33:00 SUPERVISOR: jai exited code=127 —— 自动拉活
2026-09-03 09:33:02 SUPERVISOR: jai exited code=127 —— 自动拉活
2026-09-03 09:33:04 SUPERVISOR: jai exited code=127 —— 自动拉活
2026-09-03 09:33:06 SUPERVISOR: jai exited code=127 —— 自动拉活
2026-09-03 09:33:08 SUPERVISOR: jai exited code=127 —— 自动拉活
2026-09-03 09:33:10 SUPERVISOR: jai exited code=127 —— 自动拉活
2026-09-03 09:33:12 SUPERVISOR: jai exited code=127 —— 自动拉活
2026-09-03 09:33:14 SUPERVISOR: jai exited code=127 —— 自动拉活
2026-09-03 09:33:16 SUPERVISOR: jai exited code=127 —— 自动拉活
2026-09-03 09:33:18 SUPERVISOR: jai exited code=127 —— 自动拉活
2026-09-03 09:33:20 SUPERVISOR: jai exited code=127 —— 自动拉活
2026-09-03 09:33:22 SUPERVISOR: jai exited code=127 —— 自动拉活
2026-09-03 09:33:24 SUPERVISOR: jai exited code=127 —— 自动拉活
2026-09-03 09:33:26 SUPERVISOR: jai exited code=127 —— 自动拉活
2026-09-03 09:33:28 SUPERVISOR: jai exited code=127 —— 自动拉活
2026-09-03 09:33:30 SUPERVISOR: jai exited code=127 —— 自动拉活
2026-09-03 09:33:32 SUPERVISOR: jai exited code=127 —— 自动拉活
2026-09-03 09:33:34 SUPERVISOR: jai exited code=127 —— 自动拉活
2026-09-03 09:33:36 SUPERVISOR: jai exited code=127 —— 自动拉活
2026-09-03 09:33:38 SUPERVISOR: jai exited code=127 —— 自动拉活
2026-09-03 09:33:40 SUPERVISOR: jai exited code=127 —— 自动拉活
2026-09-03 09:33:42 SUPERVISOR: jai exited code=127 —— 自动拉活
2026-09-03 09:33:44 SUPERVISOR: jai exited code=127 —— 自动拉活
2026-09-03 09:33:46 SUPERVISOR: jai exited code=127 —— 自动拉活
2026-09-03 09:33:48 SUPERVISOR: jai exited code=127 —— 自动拉活
2026-09-03 09:33:50 SUPERVISOR: jai exited code=127 —— 自动拉活
2026-09-03 09:33:52 SUPERVISOR: jai exited code=127 —— 自动拉活
2026-09-03 09:33:54 SUPERVISOR: jai exited code=127 —— 自动拉活
2026-09-03 09:33:56 SUPERVISOR: jai exited code=127 —— 自动拉活
2026-09-03 09:33:58 SUPERVISOR: jai exited code=127 —— 自动拉活
2026-09-03 09:34:00 SUPERVISOR: jai exited code=127 —— 自动拉活
2026-09-03 09:34:02 SUPERVISOR: jai exited code=127 —— 自动拉活
2026-09-03 09:34:04 SUPERVISOR: jai exited code=127 —— 自动拉活
2026-09-03 09:34:06 SUPERVISOR: jai exited code=127 —— 自动拉活
2026-09-03 09:34:08 SUPERVISOR: jai exited code=127 —— 自动拉活
2026-09-03 09:34:10 SUPERVISOR: jai exited code=127 —— 自动拉活
2026-09-03 09:34:12 SUPERVISOR: jai exited code=127 —— 自动拉活
2026-09-03 09:34:15 SUPERVISOR: jai exited code=127 —— 自动拉活
2026-09-03 09:34:17 SUPERVISOR: jai exited code=127 —— 自动拉活
2026-09-03 09:34:19 SUPERVISOR: jai exited code=127 —— 自动拉活
2026-09-03 09:34:21 SUPERVISOR: jai exited code=127 —— 自动拉活
2026-09-03 09:34:23 SUPERVISOR: jai exited code=127 —— 自动拉活
2026-09-03 09:34:25 SUPERVISOR: jai exited code=127 —— 自动拉活
2026-09-03 09:34:27 SUPERVISOR: jai exited code=127 —— 自动拉活
2026-09-03 09:34:29 SUPERVISOR: jai exited code=127 —— 自动拉活
2026-09-03 09:34:31 SUPERVISOR: jai exited code=127 —— 自动拉活
2026-09-03 09:34:33 SUPERVISOR: jai exited code=127 —— 自动拉活
2026-09-03 09:34:35 SUPERVISOR: jai exited code=127 —— 自动拉活
2026-09-03 09:34:37 SUPERVISOR: jai exited code=127 —— 自动拉活
2026-09-03 09:34:39 SUPERVISOR: jai exited code=127 —— 自动拉活
2026-09-03 09:34:41 SUPERVISOR: jai exited code=127 —— 自动拉活
2026-09-03 09:34:43 SUPERVISOR: jai exited code=127 —— 自动拉活
2026-09-03 09:34:45 SUPERVISOR: jai exited code=127 —— 自动拉活
2026-09-03 09:34:47 SUPERVISOR: jai exited code=127 —— 自动拉活
2026-09-03 09:34:49 SUPERVISOR: jai exited code=127 —— 自动拉活
2026-09-03 09:34:51 SUPERVISOR: jai exited code=127 —— 自动拉活
2026-09-03 09:34:53 SUPERVISOR: jai exited code=127 —— 自动拉活
2026-09-03 09:34:55 SUPERVISOR: jai exited code=127 —— 自动拉活
2026-09-03 09:34:57 SUPERVISOR: jai exited code=127 —— 自动拉活
2026-09-03 09:34:59 SUPERVISOR: jai exited code=127 —— 自动拉活
2026-09-03 09:35:01 SUPERVISOR: jai exited code=127 —— 自动拉活
2026-09-03 09:35:03 SUPERVISOR: jai exited code=127 —— 自动拉活
2026-09-03 09:35:05 SUPERVISOR: jai exited code=127 —— 自动拉活
2026-09-03 09:35:07 SUPERVISOR: jai exited code=127 —— 自动拉活
2026-09-03 09:35:09 SUPERVISOR: jai exited code=127 —— 自动拉活
2026-09-03 09:35:11 SUPERVISOR: jai exited code=127 —— 自动拉活
2026-09-03 09:35:13 SUPERVISOR: jai exited code=127 —— 自动拉活
2026-09-03 09:35:15 SUPERVISOR: jai exited code=127 —— 自动拉活
2026-09-03 09:35:17 SUPERVISOR: jai exited code=127 —— 自动拉活
2026-09-03 09:35:19 SUPERVISOR: jai exited code=127 —— 自动拉活
2026-09-03 09:35:21 SUPERVISOR: jai exited code=127 —— 自动拉活
2026-09-03 09:35:23 SUPERVISOR: jai exited code=127 —— 自动拉活
2026-09-03 09:35:25 SUPERVISOR: jai exited code=127 —— 自动拉活
2026-09-03 09:35:27 SUPERVISOR: jai exited code=127 —— 自动拉活
2026-09-03 09:35:29 SUPERVISOR: jai exited code=127 —— 自动拉活
2026-09-03 09:35:31 SUPERVISOR: jai exited code=127 —— 自动拉活
2026-09-03 09:35:33 SUPERVISOR: jai exited code=127 —— 自动拉活
2026-09-03 09:35:35 SUPERVISOR: jai exited code=127 —— 自动拉活
2026-09-03 09:35:37 SUPERVISOR: jai exited code=127 —— 自动拉活
2026-09-03 09:35:39 SUPERVISOR: jai exited code=127 —— 自动拉活
2026-09-03 09:35:42 SUPERVISOR: jai exited code=127 —— 自动拉活
2026-09-03 09:35:44 SUPERVISOR: jai exited code=127 —— 自动拉活
2026-09-03 09:35:46 SUPERVISOR: jai exited code=127 —— 自动拉活
2026-09-03 09:35:48 SUPERVISOR: jai exited code=127 —— 自动拉活
2026-09-03 09:35:50 SUPERVISOR: jai exited code=127 —— 自动拉活
2026-09-03 09:35:52 SUPERVISOR: jai exited code=127 —— 自动拉活
2026-09-03 09:35:54 SUPERVISOR: jai exited code=127 —— 自动拉活
2026-09-03 09:35:56 SUPERVISOR: jai exited code=127 —— 自动拉活
2026-09-03 09:35:58 SUPERVISOR: jai exited code=127 —— 自动拉活
2026-09-03 09:36:00 SUPERVISOR: jai exited code=127 —— 自动拉活
2026-09-03 09:36:02 SUPERVISOR: jai exited code=127 —— 自动拉活
2026-09-03 09:36:04 SUPERVISOR: jai exited code=127 —— 自动拉活
2026-09-03 09:36:06 SUPERVISOR: jai exited code=127 —— 自动拉活
2026-09-03 09:36:08 SUPERVISOR: jai exited code=127 —— 自动拉活
2026-09-03 09:36:10 SUPERVISOR: jai exited code=127 —— 自动拉活
2026-09-03 09:36:12 SUPERVISOR: jai exited code=127 —— 自动拉活
2026-09-03 09:36:14 SUPERVISOR: jai exited code=127 —— 自动拉活
2026-09-03 09:36:16 SUPERVISOR: jai exited code=127 —— 自动拉活
2026-09-03 09:36:18 SUPERVISOR: jai exited code=127 —— 自动拉活
2026-09-03 09:36:20 SUPERVISOR: jai exited code=127 —— 自动拉活
2026-09-03 09:36:22 SUPERVISOR: jai exited code=127 —— 自动拉活
2026-09-03 09:36:24 SUPERVISOR: jai exited code=127 —— 自动拉活
2026-09-03 09:36:26 SUPERVISOR: jai exited code=127 —— 自动拉活
2026-09-03 09:36:28 SUPERVISOR: jai exited code=127 —— 自动拉活
2026-09-03 09:36:30 SUPERVISOR: jai exited code=127 —— 自动拉活
2026-09-03 09:36:32 SUPERVISOR: jai exited code=127 —— 自动拉活
2026-09-03 09:36:34 SUPERVISOR: jai exited code=127 —— 自动拉活
2026-09-03 09:36:36 SUPERVISOR: jai exited code=127 —— 自动拉活
2026-09-03 09:36:38 SUPERVISOR: jai exited code=127 —— 自动拉活
2026-09-03 09:36:40 SUPERVISOR: jai exited code=127 —— 自动拉活
2026-09-03 09:36:42 SUPERVISOR: jai exited code=127 —— 自动拉活
2026-09-03 09:36:44 SUPERVISOR: jai exited code=127 —— 自动拉活
2026-09-03 09:36:46 SUPERVISOR: jai exited code=127 —— 自动拉活
2026-09-03 09:36:48 SUPERVISOR: jai exited code=127 —— 自动拉活
2026-09-03 09:36:50 SUPERVISOR: jai exited code=127 —— 自动拉活
2026-09-03 09:36:52 SUPERVISOR: jai exited code=127 —— 自动拉活
2026-09-03 09:36:54 SUPERVISOR: jai exited code=127 —— 自动拉活
2026-09-03 09:36:56 SUPERVISOR: jai exited code=127 —— 自动拉活
2026-09-03 09:36:58 SUPERVISOR: jai exited code=127 —— 自动拉活
2026-09-03 09:37:00 SUPERVISOR: jai exited code=127 —— 自动拉活
2026-09-03 09:37:02 SUPERVISOR: jai exited code=127 —— 自动拉活
2026-09-03 09:37:04 SUPERVISOR: jai exited code=127 —— 自动拉活
2026-09-03 09:37:07 SUPERVISOR: jai exited code=127 —— 自动拉活
2026-09-03 09:37:09 SUPERVISOR: jai exited code=127 —— 自动拉活
2026-09-03 09:37:11 SUPERVISOR: jai exited code=127 —— 自动拉活
2026-09-03 09:37:13 SUPERVISOR: jai exited code=127 —— 自动拉活
2026-09-03 09:37:15 SUPERVISOR: jai exited code=127 —— 自动拉活
2026-09-03 09:37:17 SUPERVISOR: jai exited code=127 —— 自动拉活
2026-09-03 09:37:19 SUPERVISOR: jai exited code=127 —— 自动拉活
2026-09-03 09:37:21 SUPERVISOR: jai exited code=127 —— 自动拉活
2026-09-03 09:37:23 SUPERVISOR: jai exited code=127 —— 自动拉活
2026-09-03 09:37:25 SUPERVISOR: jai exited code=127 —— 自动拉活
2026-09-03 09:37:27 SUPERVISOR: jai exited code=127 —— 自动拉活
2026-09-03 09:37:29 SUPERVISOR: jai exited code=127 —— 自动拉活
2026-09-03 09:37:31 SUPERVISOR: jai exited code=127 —— 自动拉活
2026-09-03 09:37:33 SUPERVISOR: jai exited code=127 —— 自动拉活
2026-09-03 09:37:35 SUPERVISOR: jai exited code=127 —— 自动拉活
2026-09-03 09:37:37 SUPERVISOR: jai exited code=127 —— 自动拉活
2026-09-03 09:37:39 SUPERVISOR: jai exited code=127 —— 自动拉活
2026-09-03 09:37:41 SUPERVISOR: jai exited code=127 —— 自动拉活
2026-09-03 09:37:43 SUPERVISOR: jai exited code=127 —— 自动拉活
2026-09-03 09:37:45 SUPERVISOR: jai exited code=127 —— 自动拉活
2026-09-03 09:37:47 SUPERVISOR: jai exited code=127 —— 自动拉活
2026-09-03 09:37:49 SUPERVISOR: jai exited code=127 —— 自动拉活
2026-09-03 09:37:51 SUPERVISOR: jai exited code=127 —— 自动拉活
2026-09-03 09:37:53 SUPERVISOR: jai exited code=127 —— 自动拉活
2026-09-03 09:37:55 SUPERVISOR: jai exited code=127 —— 自动拉活
2026-09-03 09:37:57 SUPERVISOR: jai exited code=127 —— 自动拉活
2026-09-03 09:37:59 SUPERVISOR: jai exited code=127 —— 自动拉活
2026-09-03 09:38:01 SUPERVISOR: jai exited code=127 —— 自动拉活
2026-09-03 09:38:03 SUPERVISOR: jai exited code=127 —— 自动拉活
2026-09-03 09:38:05 SUPERVISOR: jai exited code=127 —— 自动拉活
2026-09-03 09:38:07 SUPERVISOR: jai exited code=127 —— 自动拉活
2026-09-03 09:38:09 SUPERVISOR: jai exited code=127 —— 自动拉活
2026-09-03 09:38:11 SUPERVISOR: jai exited code=127 —— 自动拉活
2026-09-03 09:38:13 SUPERVISOR: jai exited code=127 —— 自动拉活
2026-09-03 09:38:15 SUPERVISOR: jai exited code=127 —— 自动拉活
2026-09-03 09:38:17 SUPERVISOR: jai exited code=127 —— 自动拉活
2026-09-03 09:38:19 SUPERVISOR: jai exited code=127 —— 自动拉活
2026-09-03 09:38:21 SUPERVISOR: jai exited code=127 —— 自动拉活
2026-09-03 09:38:23 SUPERVISOR: jai exited code=127 —— 自动拉活
2026-09-03 09:38:25 SUPERVISOR: jai exited code=127 —— 自动拉活
2026-09-03 09:38:27 SUPERVISOR: jai exited code=127 —— 自动拉活
2026-09-03 09:38:29 SUPERVISOR: jai exited code=127 —— 自动拉活
2026-09-03 09:38:32 SUPERVISOR: jai exited code=127 —— 自动拉活
2026-09-03 09:38:34 SUPERVISOR: jai exited code=127 —— 自动拉活
2026-09-03 09:38:36 SUPERVISOR: jai exited code=127 —— 自动拉活
2026-09-03 09:38:38 SUPERVISOR: jai exited code=127 —— 自动拉活
2026-09-03 09:38:40 SUPERVISOR: jai exited code=127 —— 自动拉活
2026-09-03 09:38:42 SUPERVISOR: jai exited code=127 —— 自动拉活
2026-09-03 09:38:44 SUPERVISOR: jai exited code=127 —— 自动拉活
2026-09-03 09:38:46 SUPERVISOR: jai exited code=127 —— 自动拉活
2026-09-03 09:38:48 SUPERVISOR: jai exited code=127 —— 自动拉活
2026-09-03 09:38:50 SUPERVISOR: jai exited code=127 —— 自动拉活
2026-09-03 09:38:52 SUPERVISOR: jai exited code=127 —— 自动拉活
2026-09-03 09:38:54 SUPERVISOR: jai exited code=127 —— 自动拉活
2026-09-03 09:38:56 SUPERVISOR: jai exited code=127 —— 自动拉活
2026-09-03 09:38:58 SUPERVISOR: jai exited code=127 —— 自动拉活
2026-09-03 09:39:00 SUPERVISOR: jai exited code=127 —— 自动拉活
2026-09-03 09:39:02 SUPERVISOR: jai exited code=127 —— 自动拉活
2026-09-03 09:39:04 SUPERVISOR: jai exited code=127 —— 自动拉活
2026-09-03 09:39:06 SUPERVISOR: jai exited code=127 —— 自动拉活
2026-09-03 09:39:08 SUPERVISOR: jai exited code=127 —— 自动拉活
2026-09-03 09:39:10 SUPERVISOR: jai exited code=127 —— 自动拉活
2026-09-03 09:39:12 SUPERVISOR: jai exited code=127 —— 自动拉活
2026-09-03 09:39:14 SUPERVISOR: jai exited code=127 —— 自动拉活
2026-09-03 09:39:16 SUPERVISOR: jai exited code=127 —— 自动拉活
2026-09-03 09:39:18 SUPERVISOR: jai exited code=127 —— 自动拉活
2026-09-03 09:39:20 SUPERVISOR: jai exited code=127 —— 自动拉活
2026-09-03 09:39:22 alive=false healthz=- rss=-
2026-09-03 09:39:22 SUPERVISOR: jai exited code=127 —— 自动拉活
2026-09-03 09:39:24 SUPERVISOR: jai exited code=127 —— 自动拉活
2026-09-03 09:39:26 SUPERVISOR: jai exited code=127 —— 自动拉活
2026-09-03 09:39:28 SUPERVISOR: jai exited code=127 —— 自动拉活
2026-09-03 09:39:30 SUPERVISOR: jai exited code=127 —— 自动拉活
2026-09-03 09:39:32 SUPERVISOR: jai exited code=127 —— 自动拉活
2026-09-03 09:39:34 SUPERVISOR: jai exited code=127 —— 自动拉活
2026-09-03 09:39:36 SUPERVISOR: jai exited code=127 —— 自动拉活
2026-09-03 09:39:38 SUPERVISOR: jai exited code=127 —— 自动拉活
2026-09-03 09:39:40 SUPERVISOR: jai exited code=127 —— 自动拉活
2026-09-03 09:39:42 SUPERVISOR: jai exited code=127 —— 自动拉活
2026-09-03 09:39:44 SUPERVISOR: jai exited code=127 —— 自动拉活
2026-09-03 09:39:46 SUPERVISOR: jai exited code=127 —— 自动拉活
2026-09-03 09:39:48 SUPERVISOR: jai exited code=127 —— 自动拉活
2026-09-03 09:39:50 SUPERVISOR: jai exited code=127 —— 自动拉活
2026-09-03 09:39:52 SUPERVISOR: jai exited code=127 —— 自动拉活
2026-09-03 09:39:54 SUPERVISOR: jai exited code=127 —— 自动拉活
2026-09-03 09:39:56 SUPERVISOR: jai exited code=127 —— 自动拉活
2026-09-03 09:39:58 SUPERVISOR: jai exited code=127 —— 自动拉活
2026-09-03 09:40:01 SUPERVISOR: jai exited code=127 —— 自动拉活
2026-09-03 09:40:03 SUPERVISOR: jai exited code=127 —— 自动拉活
2026-09-03 09:40:05 SUPERVISOR: jai exited code=127 —— 自动拉活
2026-09-03 09:40:07 SUPERVISOR: jai exited code=127 —— 自动拉活
2026-09-03 09:40:09 SUPERVISOR: jai exited code=127 —— 自动拉活
2026-09-03 09:40:11 SUPERVISOR: jai exited code=127 —— 自动拉活
2026-09-03 09:40:13 SUPERVISOR: jai exited code=127 —— 自动拉活
2026-09-03 09:40:15 SUPERVISOR: jai exited code=127 —— 自动拉活
2026-09-03 09:40:17 SUPERVISOR: jai exited code=127 —— 自动拉活
2026-09-03 09:40:19 SUPERVISOR: jai exited code=127 —— 自动拉活
2026-09-03 09:40:21 SUPERVISOR: jai exited code=127 —— 自动拉活
2026-09-03 09:40:23 SUPERVISOR: jai exited code=127 —— 自动拉活
2026-09-03 09:40:25 SUPERVISOR: jai exited code=127 —— 自动拉活
2026-09-03 09:40:27 SUPERVISOR: jai exited code=127 —— 自动拉活
2026-09-03 09:40:29 SUPERVISOR: jai exited code=127 —— 自动拉活
2026-09-03 09:40:31 SUPERVISOR: jai exited code=127 —— 自动拉活
2026-09-03 09:40:33 SUPERVISOR: jai exited code=127 —— 自动拉活
2026-09-03 09:40:35 SUPERVISOR: jai exited code=127 —— 自动拉活
2026-09-03 09:40:37 SUPERVISOR: jai exited code=127 —— 自动拉活
2026-09-03 09:40:39 SUPERVISOR: jai exited code=127 —— 自动拉活
2026-09-03 09:40:41 SUPERVISOR: jai exited code=127 —— 自动拉活
2026-09-03 09:40:43 SUPERVISOR: jai exited code=127 —— 自动拉活
2026-09-03 09:40:45 SUPERVISOR: jai exited code=127 —— 自动拉活
2026-09-03 09:40:47 SUPERVISOR: jai exited code=127 —— 自动拉活
2026-09-03 09:40:49 SUPERVISOR: jai exited code=127 —— 自动拉活
2026-09-03 09:40:51 SUPERVISOR: jai exited code=127 —— 自动拉活
2026-09-03 09:40:53 SUPERVISOR: jai exited code=127 —— 自动拉活
2026-09-03 09:40:55 SUPERVISOR: jai exited code=127 —— 自动拉活
2026-09-03 09:40:57 SUPERVISOR: jai exited code=127 —— 自动拉活
2026-09-03 09:40:59 SUPERVISOR: jai exited code=127 —— 自动拉活
2026-09-03 09:41:01 SUPERVISOR: jai exited code=127 —— 自动拉活
2026-09-03 09:41:03 SUPERVISOR: jai exited code=127 —— 自动拉活
2026-09-03 09:41:05 SUPERVISOR: jai exited code=127 —— 自动拉活
2026-09-03 09:41:07 SUPERVISOR: jai exited code=127 —— 自动拉活
2026-09-03 09:41:09 SUPERVISOR: jai exited code=127 —— 自动拉活
2026-09-03 09:41:11 SUPERVISOR: jai exited code=127 —— 自动拉活
2026-09-03 09:41:13 SUPERVISOR: jai exited code=127 —— 自动拉活
2026-09-03 09:41:16 SUPERVISOR: jai exited code=127 —— 自动拉活
2026-09-03 09:41:18 SUPERVISOR: jai exited code=127 —— 自动拉活
2026-09-03 09:41:20 SUPERVISOR: jai exited code=127 —— 自动拉活
2026-09-03 09:41:22 SUPERVISOR: jai exited code=127 —— 自动拉活
2026-09-03 09:41:24 SUPERVISOR: jai exited code=127 —— 自动拉活
2026-09-03 09:41:26 SUPERVISOR: jai exited code=127 —— 自动拉活
2026-09-03 09:41:28 SUPERVISOR: jai exited code=127 —— 自动拉活
2026-09-03 09:41:30 SUPERVISOR: jai exited code=127 —— 自动拉活
2026-09-03 09:41:32 SUPERVISOR: jai exited code=127 —— 自动拉活
2026-09-03 09:41:34 SUPERVISOR: jai exited code=127 —— 自动拉活
2026-09-03 09:41:36 SUPERVISOR: jai exited code=127 —— 自动拉活
2026-09-03 09:41:38 SUPERVISOR: jai exited code=127 —— 自动拉活
2026-09-03 09:41:40 SUPERVISOR: jai exited code=127 —— 自动拉活
2026-09-03 09:41:42 SUPERVISOR: jai exited code=127 —— 自动拉活
2026-09-03 09:41:44 SUPERVISOR: jai exited code=127 —— 自动拉活
2026-09-03 09:41:46 SUPERVISOR: jai exited code=127 —— 自动拉活
2026-09-03 09:41:48 SUPERVISOR: jai exited code=127 —— 自动拉活
2026-09-03 09:41:50 SUPERVISOR: jai exited code=127 —— 自动拉活
2026-09-03 09:41:52 SUPERVISOR: jai exited code=127 —— 自动拉活
2026-09-03 09:41:54 SUPERVISOR: jai exited code=127 —— 自动拉活
2026-09-03 09:41:56 SUPERVISOR: jai exited code=127 —— 自动拉活
2026-09-03 09:41:58 SUPERVISOR: jai exited code=127 —— 自动拉活
2026-09-03 09:42:00 SUPERVISOR: jai exited code=127 —— 自动拉活
2026-09-03 09:42:02 SUPERVISOR: jai exited code=127 —— 自动拉活
2026-09-03 09:42:04 SUPERVISOR: jai exited code=127 —— 自动拉活
2026-09-03 09:42:06 SUPERVISOR: jai exited code=127 —— 自动拉活
2026-09-03 09:42:08 SUPERVISOR: jai exited code=127 —— 自动拉活
2026-09-03 09:42:10 SUPERVISOR: jai exited code=127 —— 自动拉活
2026-09-03 09:42:12 SUPERVISOR: jai exited code=127 —— 自动拉活
2026-09-03 09:42:14 SUPERVISOR: jai exited code=127 —— 自动拉活
2026-09-03 09:42:16 SUPERVISOR: jai exited code=127 —— 自动拉活
2026-09-03 09:42:18 SUPERVISOR: jai exited code=127 —— 自动拉活
2026-09-03 09:42:20 SUPERVISOR: jai exited code=127 —— 自动拉活
2026-09-03 09:42:22 SUPERVISOR: jai exited code=127 —— 自动拉活
2026-09-03 09:42:24 SUPERVISOR: jai exited code=127 —— 自动拉活
2026-09-03 09:42:26 SUPERVISOR: jai exited code=127 —— 自动拉活
2026-09-03 09:42:28 SUPERVISOR: jai exited code=127 —— 自动拉活
2026-09-03 09:42:30 SUPERVISOR: jai exited code=127 —— 自动拉活
2026-09-03 09:42:33 SUPERVISOR: jai exited code=127 —— 自动拉活
2026-09-03 09:42:35 SUPERVISOR: jai exited code=127 —— 自动拉活
2026-09-03 09:42:37 SUPERVISOR: jai exited code=127 —— 自动拉活
2026-09-03 09:42:39 SUPERVISOR: jai exited code=127 —— 自动拉活
2026-09-03 09:42:41 SUPERVISOR: jai exited code=127 —— 自动拉活
2026-09-03 09:42:43 SUPERVISOR: jai exited code=127 —— 自动拉活
2026-09-03 09:42:45 SUPERVISOR: jai exited code=127 —— 自动拉活
2026-09-03 09:42:47 SUPERVISOR: jai exited code=127 —— 自动拉活
2026-09-03 09:42:49 SUPERVISOR: jai exited code=127 —— 自动拉活
2026-09-03 09:42:51 SUPERVISOR: jai exited code=127 —— 自动拉活
2026-09-03 09:42:53 SUPERVISOR: jai exited code=127 —— 自动拉活
2026-09-03 09:42:55 SUPERVISOR: jai exited code=127 —— 自动拉活
2026-09-03 09:42:57 SUPERVISOR: jai exited code=127 —— 自动拉活
2026-09-03 09:42:59 SUPERVISOR: jai exited code=127 —— 自动拉活
2026-09-03 09:43:01 SUPERVISOR: jai exited code=127 —— 自动拉活
2026-09-03 09:43:03 SUPERVISOR: jai exited code=127 —— 自动拉活
2026-09-03 09:43:05 SUPERVISOR: jai exited code=127 —— 自动拉活
2026-09-03 09:43:07 SUPERVISOR: jai exited code=127 —— 自动拉活
2026-09-03 09:43:09 SUPERVISOR: jai exited code=127 —— 自动拉活
2026-09-03 09:43:11 SUPERVISOR: jai exited code=127 —— 自动拉活
2026-09-03 09:43:13 SUPERVISOR: jai exited code=127 —— 自动拉活
2026-09-03 09:43:15 SUPERVISOR: jai exited code=127 —— 自动拉活
2026-09-03 09:43:17 SUPERVISOR: jai exited code=127 —— 自动拉活
2026-09-03 09:43:19 SUPERVISOR: jai exited code=127 —— 自动拉活
2026-09-03 09:43:21 SUPERVISOR: jai exited code=127 —— 自动拉活
2026-09-03 09:43:23 SUPERVISOR: jai exited code=127 —— 自动拉活
2026-09-03 09:43:25 SUPERVISOR: jai exited code=127 —— 自动拉活
2026-09-03 09:43:27 SUPERVISOR: jai exited code=127 —— 自动拉活
2026-09-03 09:43:29 SUPERVISOR: jai exited code=127 —— 自动拉活
2026-09-03 09:43:31 SUPERVISOR: jai exited code=127 —— 自动拉活
2026-09-03 09:43:34 SUPERVISOR: jai exited code=127 —— 自动拉活
2026-09-03 09:43:36 SUPERVISOR: jai exited code=127 —— 自动拉活
2026-09-03 09:43:38 SUPERVISOR: jai exited code=127 —— 自动拉活
2026-09-03 09:43:40 SUPERVISOR: jai exited code=127 —— 自动拉活
2026-09-03 09:43:42 SUPERVISOR: jai exited code=127 —— 自动拉活
2026-09-03 09:43:44 SUPERVISOR: jai exited code=127 —— 自动拉活
2026-09-03 09:43:46 SUPERVISOR: jai exited code=127 —— 自动拉活
2026-09-03 09:43:48 SUPERVISOR: jai exited code=127 —— 自动拉活
2026-09-03 09:43:50 SUPERVISOR: jai exited code=127 —— 自动拉活
2026-09-03 09:43:52 SUPERVISOR: jai exited code=127 —— 自动拉活
2026-09-03 09:43:54 SUPERVISOR: jai exited code=127 —— 自动拉活
2026-09-03 09:43:56 SUPERVISOR: jai exited code=127 —— 自动拉活
2026-09-03 09:43:58 SUPERVISOR: jai exited code=127 —— 自动拉活
2026-09-03 09:44:00 SUPERVISOR: jai exited code=127 —— 自动拉活
2026-09-03 09:44:02 SUPERVISOR: jai exited code=127 —— 自动拉活
2026-09-03 09:44:04 SUPERVISOR: jai exited code=127 —— 自动拉活
2026-09-03 09:44:06 SUPERVISOR: jai exited code=127 —— 自动拉活
2026-09-03 09:44:08 SUPERVISOR: jai exited code=127 —— 自动拉活
2026-09-03 09:44:10 SUPERVISOR: jai exited code=127 —— 自动拉活
2026-09-03 09:44:12 SUPERVISOR: jai exited code=127 —— 自动拉活
2026-09-03 09:44:14 SUPERVISOR: jai exited code=127 —— 自动拉活
2026-09-03 09:44:16 SUPERVISOR: jai exited code=127 —— 自动拉活
2026-09-03 09:44:18 SUPERVISOR: jai exited code=127 —— 自动拉活
2026-09-03 09:44:20 SUPERVISOR: jai exited code=127 —— 自动拉活
2026-09-03 09:44:22 SUPERVISOR: jai exited code=127 —— 自动拉活
2026-09-03 09:44:24 SUPERVISOR: jai exited code=127 —— 自动拉活
2026-09-03 09:44:26 SUPERVISOR: jai exited code=127 —— 自动拉活
2026-09-03 09:44:28 SUPERVISOR: jai exited code=127 —— 自动拉活
2026-09-03 09:44:30 SUPERVISOR: jai exited code=127 —— 自动拉活
2026-09-03 09:44:32 SUPERVISOR: jai exited code=127 —— 自动拉活
2026-09-03 09:44:34 SUPERVISOR: jai exited code=127 —— 自动拉活
2026-09-03 09:44:36 SUPERVISOR: jai exited code=127 —— 自动拉活
2026-09-03 09:44:38 SUPERVISOR: jai exited code=127 —— 自动拉活
2026-09-03 09:44:40 SUPERVISOR: jai exited code=127 —— 自动拉活
2026-09-03 09:44:43 SUPERVISOR: jai exited code=127 —— 自动拉活
2026-09-03 09:44:45 SUPERVISOR: jai exited code=127 —— 自动拉活
2026-09-03 09:44:47 SUPERVISOR: jai exited code=127 —— 自动拉活
2026-09-03 09:44:49 SUPERVISOR: jai exited code=127 —— 自动拉活
2026-09-03 09:44:51 SUPERVISOR: jai exited code=127 —— 自动拉活
2026-09-03 09:44:53 SUPERVISOR: jai exited code=127 —— 自动拉活
2026-09-03 09:44:55 SUPERVISOR: jai exited code=127 —— 自动拉活
2026-09-03 09:44:57 SUPERVISOR: jai exited code=127 —— 自动拉活
2026-09-03 09:44:59 SUPERVISOR: jai exited code=127 —— 自动拉活
2026-09-03 09:45:01 SUPERVISOR: jai exited code=127 —— 自动拉活
2026-09-03 09:45:03 SUPERVISOR: jai exited code=127 —— 自动拉活
2026-09-03 09:45:05 SUPERVISOR: jai exited code=127 —— 自动拉活
2026-09-03 09:45:07 SUPERVISOR: jai exited code=127 —— 自动拉活
2026-09-03 09:45:09 SUPERVISOR: jai exited code=127 —— 自动拉活
2026-09-03 09:45:11 SUPERVISOR: jai exited code=127 —— 自动拉活
2026-09-03 09:45:13 SUPERVISOR: jai exited code=127 —— 自动拉活
2026-09-03 09:45:15 SUPERVISOR: jai exited code=127 —— 自动拉活
2026-09-03 09:45:17 SUPERVISOR: jai exited code=127 —— 自动拉活
2026-09-03 09:45:19 SUPERVISOR: jai exited code=127 —— 自动拉活
2026-09-03 09:45:21 SUPERVISOR: jai exited code=127 —— 自动拉活
2026-09-03 09:45:23 SUPERVISOR: jai exited code=127 —— 自动拉活
2026-09-03 09:45:25 SUPERVISOR: jai exited code=127 —— 自动拉活
2026-09-03 09:45:27 SUPERVISOR: jai exited code=127 —— 自动拉活
2026-09-03 09:45:29 SUPERVISOR: jai exited code=127 —— 自动拉活
2026-09-03 09:45:31 SUPERVISOR: jai exited code=127 —— 自动拉活
2026-09-03 09:45:33 SUPERVISOR: jai exited code=127 —— 自动拉活
2026-09-03 09:45:35 SUPERVISOR: jai exited code=127 —— 自动拉活
2026-09-03 09:45:37 SUPERVISOR: jai exited code=127 —— 自动拉活
2026-09-03 09:45:39 SUPERVISOR: jai exited code=127 —— 自动拉活
2026-09-03 09:45:41 SUPERVISOR: jai exited code=127 —— 自动拉活
2026-09-03 09:45:43 SUPERVISOR: jai exited code=127 —— 自动拉活
2026-09-03 09:45:46 SUPERVISOR: jai exited code=127 —— 自动拉活
2026-09-03 09:45:48 SUPERVISOR: jai exited code=127 —— 自动拉活
2026-09-03 09:45:50 SUPERVISOR: jai exited code=127 —— 自动拉活
2026-09-03 09:45:52 SUPERVISOR: jai exited code=127 —— 自动拉活
2026-09-03 09:45:54 SUPERVISOR: jai exited code=127 —— 自动拉活
2026-09-03 09:45:56 SUPERVISOR: jai exited code=127 —— 自动拉活
2026-09-03 09:45:58 SUPERVISOR: jai exited code=127 —— 自动拉活
2026-09-03 09:46:00 SUPERVISOR: jai exited code=127 —— 自动拉活
2026-09-03 09:46:02 SUPERVISOR: jai exited code=127 —— 自动拉活
2026-09-03 09:46:04 SUPERVISOR: jai exited code=127 —— 自动拉活
2026-09-03 09:46:06 SUPERVISOR: jai exited code=127 —— 自动拉活
2026-09-03 09:46:08 SUPERVISOR: jai exited code=127 —— 自动拉活
2026-09-03 09:46:10 SUPERVISOR: jai exited code=127 —— 自动拉活
2026-09-03 09:46:12 SUPERVISOR: jai exited code=127 —— 自动拉活
2026-09-03 09:46:14 SUPERVISOR: jai exited code=127 —— 自动拉活
2026-09-03 09:46:16 SUPERVISOR: jai exited code=127 —— 自动拉活
2026-09-03 09:46:18 SUPERVISOR: jai exited code=127 —— 自动拉活
2026-09-03 09:46:20 SUPERVISOR: jai exited code=127 —— 自动拉活
2026-09-03 09:46:22 SUPERVISOR: jai exited code=127 —— 自动拉活
2026-09-03 09:46:24 SUPERVISOR: jai exited code=127 —— 自动拉活
2026-09-03 09:46:26 SUPERVISOR: jai exited code=127 —— 自动拉活
2026-09-03 09:46:28 SUPERVISOR: jai exited code=127 —— 自动拉活
2026-09-03 09:46:30 SUPERVISOR: jai exited code=127 —— 自动拉活
2026-09-03 09:46:32 SUPERVISOR: jai exited code=127 —— 自动拉活
2026-09-03 09:46:34 SUPERVISOR: jai exited code=127 —— 自动拉活
2026-09-03 09:46:36 SUPERVISOR: jai exited code=127 —— 自动拉活
2026-09-03 09:46:38 SUPERVISOR: jai exited code=127 —— 自动拉活
2026-09-03 09:46:40 SUPERVISOR: jai exited code=127 —— 自动拉活
2026-09-03 09:46:42 SUPERVISOR: jai exited code=127 —— 自动拉活
2026-09-03 09:46:44 SUPERVISOR: jai exited code=127 —— 自动拉活
2026-09-03 09:46:46 SUPERVISOR: jai exited code=127 —— 自动拉活
2026-09-03 09:46:48 SUPERVISOR: jai exited code=127 —— 自动拉活
2026-09-03 09:46:50 SUPERVISOR: jai exited code=127 —— 自动拉活
2026-09-03 09:46:52 SUPERVISOR: jai exited code=127 —— 自动拉活
2026-09-03 09:46:55 SUPERVISOR: jai exited code=127 —— 自动拉活
2026-09-03 09:46:57 SUPERVISOR: jai exited code=127 —— 自动拉活
2026-09-03 09:46:59 SUPERVISOR: jai exited code=127 —— 自动拉活
2026-09-03 09:47:01 SUPERVISOR: jai exited code=127 —— 自动拉活
2026-09-03 09:47:03 SUPERVISOR: jai exited code=127 —— 自动拉活
2026-09-03 09:47:05 SUPERVISOR: jai exited code=127 —— 自动拉活
2026-09-03 09:47:07 SUPERVISOR: jai exited code=127 —— 自动拉活
2026-09-03 09:47:09 SUPERVISOR: jai exited code=127 —— 自动拉活
2026-09-03 09:47:11 SUPERVISOR: jai exited code=127 —— 自动拉活
2026-09-03 09:47:13 SUPERVISOR: jai exited code=127 —— 自动拉活
2026-09-03 09:47:15 SUPERVISOR: jai exited code=127 —— 自动拉活
2026-09-03 09:47:17 SUPERVISOR: jai exited code=127 —— 自动拉活
2026-09-03 09:47:19 SUPERVISOR: jai exited code=127 —— 自动拉活
2026-09-03 09:47:21 SUPERVISOR: jai exited code=127 —— 自动拉活
2026-09-03 09:47:23 SUPERVISOR: jai exited code=127 —— 自动拉活
2026-09-03 09:47:25 SUPERVISOR: jai exited code=127 —— 自动拉活
2026-09-03 09:47:27 SUPERVISOR: jai exited code=127 —— 自动拉活
2026-09-03 09:47:29 SUPERVISOR: jai exited code=127 —— 自动拉活
2026-09-03 09:47:31 SUPERVISOR: jai exited code=127 —— 自动拉活
2026-09-03 09:47:33 SUPERVISOR: jai exited code=127 —— 自动拉活
2026-09-03 09:47:35 SUPERVISOR: jai exited code=127 —— 自动拉活
2026-09-03 09:47:37 SUPERVISOR: jai exited code=127 —— 自动拉活
2026-09-03 09:47:39 SUPERVISOR: jai exited code=127 —— 自动拉活
2026-09-03 09:47:41 SUPERVISOR: jai exited code=127 —— 自动拉活
2026-09-03 09:47:43 SUPERVISOR: jai exited code=127 —— 自动拉活
2026-09-03 09:47:45 SUPERVISOR: jai exited code=127 —— 自动拉活
2026-09-03 09:47:47 SUPERVISOR: jai exited code=127 —— 自动拉活
2026-09-03 09:47:49 SUPERVISOR: jai exited code=127 —— 自动拉活
2026-09-03 09:47:51 SUPERVISOR: jai exited code=127 —— 自动拉活
2026-09-03 09:47:53 SUPERVISOR: jai exited code=127 —— 自动拉活
2026-09-03 09:47:55 SUPERVISOR: jai exited code=127 —— 自动拉活
2026-09-03 09:47:57 SUPERVISOR: jai exited code=127 —— 自动拉活
2026-09-03 09:47:59 SUPERVISOR: jai exited code=127 —— 自动拉活
2026-09-03 09:48:01 SUPERVISOR: jai exited code=127 —— 自动拉活
2026-09-03 09:48:03 SUPERVISOR: jai exited code=127 —— 自动拉活
2026-09-03 09:48:05 SUPERVISOR: jai exited code=127 —— 自动拉活
2026-09-03 09:48:07 SUPERVISOR: jai exited code=127 —— 自动拉活
2026-09-03 09:48:09 SUPERVISOR: jai exited code=127 —— 自动拉活
2026-09-03 09:48:11 SUPERVISOR: jai exited code=127 —— 自动拉活
2026-09-03 09:48:13 SUPERVISOR: jai exited code=127 —— 自动拉活
2026-09-03 09:48:15 SUPERVISOR: jai exited code=127 —— 自动拉活
2026-09-03 09:48:18 SUPERVISOR: jai exited code=127 —— 自动拉活
2026-09-03 09:48:20 SUPERVISOR: jai exited code=127 —— 自动拉活
2026-09-03 09:48:22 SUPERVISOR: jai exited code=127 —— 自动拉活
2026-09-03 09:48:24 SUPERVISOR: jai exited code=127 —— 自动拉活
2026-09-03 09:48:26 SUPERVISOR: jai exited code=127 —— 自动拉活
2026-09-03 09:48:28 SUPERVISOR: jai exited code=127 —— 自动拉活
2026-09-03 09:48:30 SUPERVISOR: jai exited code=127 —— 自动拉活
2026-09-03 09:48:32 SUPERVISOR: jai exited code=127 —— 自动拉活
2026-09-03 09:48:34 SUPERVISOR: jai exited code=127 —— 自动拉活
2026-09-03 09:48:36 SUPERVISOR: jai exited code=127 —— 自动拉活
2026-09-03 09:48:38 SUPERVISOR: jai exited code=127 —— 自动拉活
2026-09-03 09:48:40 SUPERVISOR: jai exited code=127 —— 自动拉活
2026-09-03 09:48:42 SUPERVISOR: jai exited code=127 —— 自动拉活
2026-09-03 09:48:44 SUPERVISOR: jai exited code=127 —— 自动拉活
2026-09-03 09:48:46 SUPERVISOR: jai exited code=127 —— 自动拉活
2026-09-03 09:48:48 SUPERVISOR: jai exited code=127 —— 自动拉活
2026-09-03 09:48:50 SUPERVISOR: jai exited code=127 —— 自动拉活
2026-09-03 09:48:52 SUPERVISOR: jai exited code=127 —— 自动拉活
2026-09-03 09:48:54 SUPERVISOR: jai exited code=127 —— 自动拉活
2026-09-03 09:48:56 SUPERVISOR: jai exited code=127 —— 自动拉活
2026-09-03 09:48:58 SUPERVISOR: jai exited code=127 —— 自动拉活
2026-09-03 09:49:00 SUPERVISOR: jai exited code=127 —— 自动拉活
2026-09-03 09:49:02 SUPERVISOR: jai exited code=127 —— 自动拉活
2026-09-03 09:49:04 SUPERVISOR: jai exited code=127 —— 自动拉活
2026-09-03 09:49:06 SUPERVISOR: jai exited code=127 —— 自动拉活
2026-09-03 09:49:08 SUPERVISOR: jai exited code=127 —— 自动拉活
2026-09-03 09:49:10 SUPERVISOR: jai exited code=127 —— 自动拉活
2026-09-03 09:49:12 SUPERVISOR: jai exited code=127 —— 自动拉活
2026-09-03 09:49:14 SUPERVISOR: jai exited code=127 —— 自动拉活
2026-09-03 09:49:16 SUPERVISOR: jai exited code=127 —— 自动拉活
2026-09-03 09:49:18 SUPERVISOR: jai exited code=127 —— 自动拉活
2026-09-03 09:49:20 SUPERVISOR: jai exited code=127 —— 自动拉活
2026-09-03 09:49:22 SUPERVISOR: jai exited code=127 —— 自动拉活
2026-09-03 09:49:24 SUPERVISOR: jai exited code=127 —— 自动拉活
2026-09-03 09:49:26 SUPERVISOR: jai exited code=127 —— 自动拉活
2026-09-03 09:49:28 SUPERVISOR: jai exited code=127 —— 自动拉活
2026-09-03 09:49:30 SUPERVISOR: jai exited code=127 —— 自动拉活
2026-09-03 09:49:33 SUPERVISOR: jai exited code=127 —— 自动拉活
2026-09-03 09:49:35 SUPERVISOR: jai exited code=127 —— 自动拉活
2026-09-03 09:49:37 SUPERVISOR: jai exited code=127 —— 自动拉活
2026-09-03 09:49:39 SUPERVISOR: jai exited code=127 —— 自动拉活
2026-09-03 09:49:41 SUPERVISOR: jai exited code=127 —— 自动拉活
2026-09-03 09:49:43 SUPERVISOR: jai exited code=127 —— 自动拉活
2026-09-03 09:49:45 SUPERVISOR: jai exited code=127 —— 自动拉活
2026-09-03 09:49:47 SUPERVISOR: jai exited code=127 —— 自动拉活
2026-09-03 09:49:49 SUPERVISOR: jai exited code=127 —— 自动拉活
2026-09-03 09:49:51 SUPERVISOR: jai exited code=127 —— 自动拉活
2026-09-03 09:49:53 SUPERVISOR: jai exited code=127 —— 自动拉活
2026-09-03 09:49:55 SUPERVISOR: jai exited code=127 —— 自动拉活
2026-09-03 09:49:57 SUPERVISOR: jai exited code=127 —— 自动拉活
2026-09-03 09:49:59 SUPERVISOR: jai exited code=127 —— 自动拉活
2026-09-03 09:50:01 SUPERVISOR: jai exited code=127 —— 自动拉活
2026-09-03 09:50:03 SUPERVISOR: jai exited code=127 —— 自动拉活
2026-09-03 09:50:05 SUPERVISOR: jai exited code=127 —— 自动拉活
2026-09-03 09:50:07 SUPERVISOR: jai exited code=127 —— 自动拉活
2026-09-03 09:50:09 SUPERVISOR: jai exited code=127 —— 自动拉活
2026-09-03 09:50:11 SUPERVISOR: jai exited code=127 —— 自动拉活
2026-09-03 09:50:13 SUPERVISOR: jai exited code=127 —— 自动拉活
2026-09-03 09:50:15 SUPERVISOR: jai exited code=127 —— 自动拉活
2026-09-03 09:50:17 SUPERVISOR: jai exited code=127 —— 自动拉活
2026-09-03 09:50:19 SUPERVISOR: jai exited code=127 —— 自动拉活
2026-09-03 09:50:21 SUPERVISOR: jai exited code=127 —— 自动拉活
2026-09-03 09:50:23 SUPERVISOR: jai exited code=127 —— 自动拉活
2026-09-03 09:50:25 SUPERVISOR: jai exited code=127 —— 自动拉活
2026-09-03 09:50:27 SUPERVISOR: jai exited code=127 —— 自动拉活
2026-09-03 09:50:29 SUPERVISOR: jai exited code=127 —— 自动拉活
2026-09-03 09:50:31 SUPERVISOR: jai exited code=127 —— 自动拉活
2026-09-03 09:50:33 SUPERVISOR: jai exited code=127 —— 自动拉活
2026-09-03 09:50:36 SUPERVISOR: jai exited code=127 —— 自动拉活
2026-09-03 09:50:38 SUPERVISOR: jai exited code=127 —— 自动拉活
2026-09-03 09:50:40 SUPERVISOR: jai exited code=127 —— 自动拉活
2026-09-03 09:50:42 SUPERVISOR: jai exited code=127 —— 自动拉活
2026-09-03 09:50:44 SUPERVISOR: jai exited code=127 —— 自动拉活
2026-09-03 09:50:46 SUPERVISOR: jai exited code=127 —— 自动拉活
2026-09-03 09:50:48 SUPERVISOR: jai exited code=127 —— 自动拉活
2026-09-03 09:50:50 SUPERVISOR: jai exited code=127 —— 自动拉活
2026-09-03 09:50:52 SUPERVISOR: jai exited code=127 —— 自动拉活
2026-09-03 09:50:54 SUPERVISOR: jai exited code=127 —— 自动拉活
2026-09-03 09:50:56 SUPERVISOR: jai exited code=127 —— 自动拉活
2026-09-03 09:50:58 SUPERVISOR: jai exited code=127 —— 自动拉活
2026-09-03 09:51:00 SUPERVISOR: jai exited code=127 —— 自动拉活
2026-09-03 09:51:02 SUPERVISOR: jai exited code=127 —— 自动拉活
2026-09-03 09:51:04 SUPERVISOR: jai exited code=127 —— 自动拉活
2026-09-03 09:51:06 SUPERVISOR: jai exited code=127 —— 自动拉活
2026-09-03 09:51:08 SUPERVISOR: jai exited code=127 —— 自动拉活
2026-09-03 09:51:10 SUPERVISOR: jai exited code=127 —— 自动拉活
2026-09-03 09:51:12 SUPERVISOR: jai exited code=127 —— 自动拉活
2026-09-03 09:51:14 SUPERVISOR: jai exited code=127 —— 自动拉活
2026-09-03 09:51:16 SUPERVISOR: jai exited code=127 —— 自动拉活
2026-09-03 09:51:18 SUPERVISOR: jai exited code=127 —— 自动拉活
2026-09-03 09:51:20 SUPERVISOR: jai exited code=127 —— 自动拉活
2026-09-03 09:51:22 SUPERVISOR: jai exited code=127 —— 自动拉活
2026-09-03 09:51:24 SUPERVISOR: jai exited code=127 —— 自动拉活
2026-09-03 09:51:26 SUPERVISOR: jai exited code=127 —— 自动拉活
2026-09-03 09:51:28 SUPERVISOR: jai exited code=127 —— 自动拉活
2026-09-03 09:51:30 SUPERVISOR: jai exited code=127 —— 自动拉活
2026-09-03 09:51:32 SUPERVISOR: jai exited code=127 —— 自动拉活
2026-09-03 09:51:34 SUPERVISOR: jai exited code=127 —— 自动拉活
2026-09-03 09:51:36 SUPERVISOR: jai exited code=127 —— 自动拉活
2026-09-03 09:51:39 SUPERVISOR: jai exited code=127 —— 自动拉活
2026-09-03 09:51:41 SUPERVISOR: jai exited code=127 —— 自动拉活
2026-09-03 09:51:43 SUPERVISOR: jai exited code=127 —— 自动拉活
2026-09-03 09:51:45 SUPERVISOR: jai exited code=127 —— 自动拉活
2026-09-03 09:51:47 SUPERVISOR: jai exited code=127 —— 自动拉活
2026-09-03 09:51:49 SUPERVISOR: jai exited code=127 —— 自动拉活
2026-09-03 09:51:51 SUPERVISOR: jai exited code=127 —— 自动拉活
2026-09-03 09:51:53 SUPERVISOR: jai exited code=127 —— 自动拉活
2026-09-03 09:51:55 SUPERVISOR: jai exited code=127 —— 自动拉活
2026-09-03 09:51:57 SUPERVISOR: jai exited code=127 —— 自动拉活
2026-09-03 09:51:59 SUPERVISOR: jai exited code=127 —— 自动拉活
2026-09-03 09:52:01 SUPERVISOR: jai exited code=127 —— 自动拉活
2026-09-03 09:52:03 SUPERVISOR: jai exited code=127 —— 自动拉活
2026-09-03 09:52:05 SUPERVISOR: jai exited code=127 —— 自动拉活
2026-09-03 09:52:07 SUPERVISOR: jai exited code=127 —— 自动拉活
2026-09-03 09:52:09 SUPERVISOR: jai exited code=127 —— 自动拉活
2026-09-03 09:52:11 SUPERVISOR: jai exited code=127 —— 自动拉活
2026-09-03 09:52:13 SUPERVISOR: jai exited code=127 —— 自动拉活
2026-09-03 09:52:15 SUPERVISOR: jai exited code=127 —— 自动拉活
2026-09-03 09:52:17 SUPERVISOR: jai exited code=127 —— 自动拉活
2026-09-03 09:52:19 SUPERVISOR: jai exited code=127 —— 自动拉活
2026-09-03 09:52:21 SUPERVISOR: jai exited code=127 —— 自动拉活
2026-09-03 09:52:23 SUPERVISOR: jai exited code=127 —— 自动拉活
2026-09-03 09:52:25 SUPERVISOR: jai exited code=127 —— 自动拉活
2026-09-03 09:52:27 SUPERVISOR: jai exited code=127 —— 自动拉活
2026-09-03 09:52:29 SUPERVISOR: jai exited code=127 —— 自动拉活
2026-09-03 09:52:31 SUPERVISOR: jai exited code=127 —— 自动拉活
2026-09-03 09:52:33 SUPERVISOR: jai exited code=127 —— 自动拉活
2026-09-03 09:52:35 SUPERVISOR: jai exited code=127 —— 自动拉活
2026-09-03 09:52:37 SUPERVISOR: jai exited code=127 —— 自动拉活
2026-09-03 09:52:39 SUPERVISOR: jai exited code=127 —— 自动拉活
2026-09-03 09:52:41 SUPERVISOR: jai exited code=127 —— 自动拉活
2026-09-03 09:52:43 SUPERVISOR: jai exited code=127 —— 自动拉活
2026-09-03 09:52:45 SUPERVISOR: jai exited code=127 —— 自动拉活
2026-09-03 09:52:47 SUPERVISOR: jai exited code=127 —— 自动拉活
2026-09-03 09:52:50 SUPERVISOR: jai exited code=127 —— 自动拉活
2026-09-03 09:52:52 SUPERVISOR: jai exited code=127 —— 自动拉活
2026-09-03 09:52:54 SUPERVISOR: jai exited code=127 —— 自动拉活
2026-09-03 09:52:56 SUPERVISOR: jai exited code=127 —— 自动拉活
2026-09-03 09:52:58 SUPERVISOR: jai exited code=127 —— 自动拉活
2026-09-03 09:53:00 SUPERVISOR: jai exited code=127 —— 自动拉活
2026-09-03 09:53:02 SUPERVISOR: jai exited code=127 —— 自动拉活
2026-09-03 09:53:04 SUPERVISOR: jai exited code=127 —— 自动拉活
2026-09-03 09:53:06 SUPERVISOR: jai exited code=127 —— 自动拉活
2026-09-03 09:53:08 SUPERVISOR: jai exited code=127 —— 自动拉活
2026-09-03 09:53:10 SUPERVISOR: jai exited code=127 —— 自动拉活
2026-09-03 09:53:12 SUPERVISOR: jai exited code=127 —— 自动拉活
2026-09-03 09:53:14 SUPERVISOR: jai exited code=127 —— 自动拉活
2026-09-03 09:53:16 SUPERVISOR: jai exited code=127 —— 自动拉活
2026-09-03 09:53:18 SUPERVISOR: jai exited code=127 —— 自动拉活
2026-09-03 09:53:20 SUPERVISOR: jai exited code=127 —— 自动拉活
2026-09-03 09:53:22 SUPERVISOR: jai exited code=127 —— 自动拉活
2026-09-03 09:53:24 SUPERVISOR: jai exited code=127 —— 自动拉活
2026-09-03 09:53:26 SUPERVISOR: jai exited code=127 —— 自动拉活
2026-09-03 09:53:28 SUPERVISOR: jai exited code=127 —— 自动拉活
2026-09-03 09:53:30 SUPERVISOR: jai exited code=127 —— 自动拉活
2026-09-03 09:53:32 SUPERVISOR: jai exited code=127 —— 自动拉活
2026-09-03 09:53:34 SUPERVISOR: jai exited code=127 —— 自动拉活
2026-09-03 09:53:36 SUPERVISOR: jai exited code=127 —— 自动拉活
2026-09-03 09:53:38 SUPERVISOR: jai exited code=127 —— 自动拉活
2026-09-03 09:53:40 SUPERVISOR: jai exited code=127 —— 自动拉活
2026-09-03 09:53:42 SUPERVISOR: jai exited code=127 —— 自动拉活
2026-09-03 09:53:44 SUPERVISOR: jai exited code=127 —— 自动拉活
2026-09-03 09:53:46 SUPERVISOR: jai exited code=127 —— 自动拉活
2026-09-03 09:53:48 SUPERVISOR: jai exited code=127 —— 自动拉活
2026-09-03 09:53:50 SUPERVISOR: jai exited code=127 —— 自动拉活
2026-09-03 09:53:52 SUPERVISOR: jai exited code=127 —— 自动拉活
2026-09-03 09:53:54 SUPERVISOR: jai exited code=127 —— 自动拉活
2026-09-03 09:53:56 SUPERVISOR: jai exited code=127 —— 自动拉活
2026-09-03 09:53:58 SUPERVISOR: jai exited code=127 —— 自动拉活
2026-09-03 09:54:00 SUPERVISOR: jai exited code=127 —— 自动拉活
2026-09-03 09:54:03 SUPERVISOR: jai exited code=127 —— 自动拉活
2026-09-03 09:54:05 SUPERVISOR: jai exited code=127 —— 自动拉活
2026-09-03 09:54:07 SUPERVISOR: jai exited code=127 —— 自动拉活
2026-09-03 09:54:09 SUPERVISOR: jai exited code=127 —— 自动拉活
2026-09-03 09:54:11 SUPERVISOR: jai exited code=127 —— 自动拉活
2026-09-03 09:54:13 SUPERVISOR: jai exited code=127 —— 自动拉活
2026-09-03 09:54:15 SUPERVISOR: jai exited code=127 —— 自动拉活
2026-09-03 09:54:17 SUPERVISOR: jai exited code=127 —— 自动拉活
2026-09-03 09:54:19 SUPERVISOR: jai exited code=127 —— 自动拉活
2026-09-03 09:54:21 SUPERVISOR: jai exited code=127 —— 自动拉活
2026-09-03 09:54:23 SUPERVISOR: jai exited code=127 —— 自动拉活
2026-09-03 09:54:25 SUPERVISOR: jai exited code=127 —— 自动拉活
2026-09-03 09:54:27 SUPERVISOR: jai exited code=127 —— 自动拉活
2026-09-03 09:54:29 SUPERVISOR: jai exited code=127 —— 自动拉活
2026-09-03 09:54:31 SUPERVISOR: jai exited code=127 —— 自动拉活
2026-09-03 09:54:33 SUPERVISOR: jai exited code=127 —— 自动拉活
2026-09-03 09:54:35 SUPERVISOR: jai exited code=127 —— 自动拉活
2026-09-03 09:54:37 SUPERVISOR: jai exited code=127 —— 自动拉活
2026-09-03 09:54:39 SUPERVISOR: jai exited code=127 —— 自动拉活
2026-09-03 09:54:41 SUPERVISOR: jai exited code=127 —— 自动拉活
2026-09-03 09:54:43 SUPERVISOR: jai exited code=127 —— 自动拉活
2026-09-03 09:54:45 SUPERVISOR: jai exited code=127 —— 自动拉活
2026-09-03 09:54:47 SUPERVISOR: jai exited code=127 —— 自动拉活
2026-09-03 09:54:49 SUPERVISOR: jai exited code=127 —— 自动拉活
2026-09-03 09:54:51 SUPERVISOR: jai exited code=127 —— 自动拉活
2026-09-03 09:54:53 SUPERVISOR: jai exited code=127 —— 自动拉活
2026-09-03 09:54:55 SUPERVISOR: jai exited code=127 —— 自动拉活
2026-09-03 09:54:57 SUPERVISOR: jai exited code=127 —— 自动拉活
2026-09-03 09:54:59 SUPERVISOR: jai exited code=127 —— 自动拉活
2026-09-03 09:55:01 SUPERVISOR: jai exited code=127 —— 自动拉活
2026-09-03 09:55:03 SUPERVISOR: jai exited code=127 —— 自动拉活
2026-09-03 09:55:05 SUPERVISOR: jai exited code=127 —— 自动拉活
2026-09-03 09:55:07 SUPERVISOR: jai exited code=127 —— 自动拉活
2026-09-03 09:55:09 SUPERVISOR: jai exited code=127 —— 自动拉活
2026-09-03 09:55:11 SUPERVISOR: jai exited code=127 —— 自动拉活
2026-09-03 09:55:13 SUPERVISOR: jai exited code=127 —— 自动拉活
2026-09-03 09:55:15 SUPERVISOR: jai exited code=127 —— 自动拉活
2026-09-03 09:55:17 SUPERVISOR: jai exited code=127 —— 自动拉活
2026-09-03 09:55:19 SUPERVISOR: jai exited code=127 —— 自动拉活
2026-09-03 09:55:22 SUPERVISOR: jai exited code=127 —— 自动拉活
2026-09-03 09:55:24 SUPERVISOR: jai exited code=127 —— 自动拉活
2026-09-03 09:55:26 SUPERVISOR: jai exited code=127 —— 自动拉活
2026-09-03 09:55:28 SUPERVISOR: jai exited code=127 —— 自动拉活
2026-09-03 09:55:30 SUPERVISOR: jai exited code=127 —— 自动拉活
2026-09-03 09:55:32 SUPERVISOR: jai exited code=127 —— 自动拉活
2026-09-03 09:55:34 SUPERVISOR: jai exited code=127 —— 自动拉活
2026-09-03 09:55:36 SUPERVISOR: jai exited code=127 —— 自动拉活
2026-09-03 09:55:38 SUPERVISOR: jai exited code=127 —— 自动拉活
2026-09-03 09:55:40 SUPERVISOR: jai exited code=127 —— 自动拉活
2026-09-03 09:55:42 SUPERVISOR: jai exited code=127 —— 自动拉活
2026-09-03 09:55:44 SUPERVISOR: jai exited code=127 —— 自动拉活
2026-09-03 09:55:46 SUPERVISOR: jai exited code=127 —— 自动拉活
2026-09-03 09:55:48 SUPERVISOR: jai exited code=127 —— 自动拉活
2026-09-03 09:55:50 SUPERVISOR: jai exited code=127 —— 自动拉活
2026-09-03 09:55:52 SUPERVISOR: jai exited code=127 —— 自动拉活
2026-09-03 09:55:54 SUPERVISOR: jai exited code=127 —— 自动拉活
2026-09-03 09:55:56 SUPERVISOR: jai exited code=127 —— 自动拉活
2026-09-03 09:55:58 SUPERVISOR: jai exited code=127 —— 自动拉活
2026-09-03 09:56:00 SUPERVISOR: jai exited code=127 —— 自动拉活
2026-09-03 09:56:02 SUPERVISOR: jai exited code=127 —— 自动拉活
2026-09-03 09:56:04 SUPERVISOR: jai exited code=127 —— 自动拉活
2026-09-03 09:56:06 SUPERVISOR: jai exited code=127 —— 自动拉活
2026-09-03 09:56:08 SUPERVISOR: jai exited code=127 —— 自动拉活
2026-09-03 09:56:10 SUPERVISOR: jai exited code=127 —— 自动拉活
2026-09-03 09:56:12 SUPERVISOR: jai exited code=127 —— 自动拉活
2026-09-03 09:56:14 SUPERVISOR: jai exited code=127 —— 自动拉活
2026-09-03 09:56:16 SUPERVISOR: jai exited code=127 —— 自动拉活
2026-09-03 09:56:18 SUPERVISOR: jai exited code=127 —— 自动拉活
2026-09-03 09:56:20 SUPERVISOR: jai exited code=127 —— 自动拉活
2026-09-03 09:56:23 SUPERVISOR: jai exited code=127 —— 自动拉活
2026-09-03 09:56:25 SUPERVISOR: jai exited code=127 —— 自动拉活
2026-09-03 09:56:27 SUPERVISOR: jai exited code=127 —— 自动拉活
2026-09-03 09:56:29 SUPERVISOR: jai exited code=127 —— 自动拉活
2026-09-03 09:56:31 SUPERVISOR: jai exited code=127 —— 自动拉活
2026-09-03 09:56:33 SUPERVISOR: jai exited code=127 —— 自动拉活
2026-09-03 09:56:35 SUPERVISOR: jai exited code=127 —— 自动拉活
2026-09-03 09:56:37 SUPERVISOR: jai exited code=127 —— 自动拉活
2026-09-03 09:56:39 SUPERVISOR: jai exited code=127 —— 自动拉活
2026-09-03 09:56:41 SUPERVISOR: jai exited code=127 —— 自动拉活
2026-09-03 09:56:43 SUPERVISOR: jai exited code=127 —— 自动拉活
2026-09-03 09:56:45 SUPERVISOR: jai exited code=127 —— 自动拉活
2026-09-03 09:56:47 SUPERVISOR: jai exited code=127 —— 自动拉活
2026-09-03 09:56:49 SUPERVISOR: jai exited code=127 —— 自动拉活
2026-09-03 09:56:51 SUPERVISOR: jai exited code=127 —— 自动拉活
2026-09-03 09:56:53 SUPERVISOR: jai exited code=127 —— 自动拉活
2026-09-03 09:56:55 SUPERVISOR: jai exited code=127 —— 自动拉活
2026-09-03 09:56:57 SUPERVISOR: jai exited code=127 —— 自动拉活
2026-09-03 09:56:59 SUPERVISOR: jai exited code=127 —— 自动拉活
2026-09-03 09:57:01 SUPERVISOR: jai exited code=127 —— 自动拉活
2026-09-03 09:57:03 SUPERVISOR: jai exited code=127 —— 自动拉活
2026-09-03 09:57:05 SUPERVISOR: jai exited code=127 —— 自动拉活
2026-09-03 09:57:07 SUPERVISOR: jai exited code=127 —— 自动拉活
2026-09-03 09:57:09 SUPERVISOR: jai exited code=127 —— 自动拉活
2026-09-03 09:57:11 SUPERVISOR: jai exited code=127 —— 自动拉活
2026-09-03 09:57:13 SUPERVISOR: jai exited code=127 —— 自动拉活
2026-09-03 09:57:15 SUPERVISOR: jai exited code=127 —— 自动拉活
2026-09-03 09:57:17 SUPERVISOR: jai exited code=127 —— 自动拉活
2026-09-03 09:57:19 SUPERVISOR: jai exited code=127 —— 自动拉活
2026-09-03 09:57:21 SUPERVISOR: jai exited code=127 —— 自动拉活
2026-09-03 09:57:24 SUPERVISOR: jai exited code=127 —— 自动拉活
2026-09-03 09:57:26 SUPERVISOR: jai exited code=127 —— 自动拉活
2026-09-03 09:57:28 SUPERVISOR: jai exited code=127 —— 自动拉活
2026-09-03 09:57:30 SUPERVISOR: jai exited code=127 —— 自动拉活
2026-09-03 09:57:32 SUPERVISOR: jai exited code=127 —— 自动拉活
2026-09-03 09:57:34 SUPERVISOR: jai exited code=127 —— 自动拉活
2026-09-03 09:57:36 SUPERVISOR: jai exited code=127 —— 自动拉活
2026-09-03 09:57:38 SUPERVISOR: jai exited code=127 —— 自动拉活
2026-09-03 09:57:40 SUPERVISOR: jai exited code=127 —— 自动拉活
2026-09-03 09:57:42 SUPERVISOR: jai exited code=127 —— 自动拉活
2026-09-03 09:57:44 SUPERVISOR: jai exited code=127 —— 自动拉活
2026-09-03 09:57:46 SUPERVISOR: jai exited code=127 —— 自动拉活
2026-09-03 09:57:48 SUPERVISOR: jai exited code=127 —— 自动拉活
2026-09-03 09:57:50 SUPERVISOR: jai exited code=127 —— 自动拉活
2026-09-03 09:57:52 SUPERVISOR: jai exited code=127 —— 自动拉活
2026-09-03 09:57:54 SUPERVISOR: jai exited code=127 —— 自动拉活
2026-09-03 09:57:56 SUPERVISOR: jai exited code=127 —— 自动拉活
2026-09-03 09:57:58 SUPERVISOR: jai exited code=127 —— 自动拉活
2026-09-03 09:58:00 SUPERVISOR: jai exited code=127 —— 自动拉活
2026-09-03 09:58:02 SUPERVISOR: jai exited code=127 —— 自动拉活
2026-09-03 09:58:04 SUPERVISOR: jai exited code=127 —— 自动拉活
2026-09-03 09:58:06 SUPERVISOR: jai exited code=127 —— 自动拉活
2026-09-03 09:58:08 SUPERVISOR: jai exited code=127 —— 自动拉活
2026-09-03 09:58:10 SUPERVISOR: jai exited code=127 —— 自动拉活
2026-09-03 09:58:12 SUPERVISOR: jai exited code=127 —— 自动拉活
2026-09-03 09:58:14 SUPERVISOR: jai exited code=127 —— 自动拉活
2026-09-03 09:58:16 SUPERVISOR: jai exited code=127 —— 自动拉活
2026-09-03 09:58:18 SUPERVISOR: jai exited code=127 —— 自动拉活
2026-09-03 09:58:20 SUPERVISOR: jai exited code=127 —— 自动拉活
2026-09-03 09:58:22 SUPERVISOR: jai exited code=127 —— 自动拉活
2026-09-03 09:58:24 SUPERVISOR: jai exited code=127 —— 自动拉活
2026-09-03 09:58:26 SUPERVISOR: jai exited code=127 —— 自动拉活
2026-09-03 09:58:29 SUPERVISOR: jai exited code=127 —— 自动拉活
2026-09-03 09:58:31 SUPERVISOR: jai exited code=127 —— 自动拉活
2026-09-03 09:58:33 SUPERVISOR: jai exited code=127 —— 自动拉活
2026-09-03 09:58:35 SUPERVISOR: jai exited code=127 —— 自动拉活
2026-09-03 09:58:37 SUPERVISOR: jai exited code=127 —— 自动拉活
2026-09-03 09:58:39 SUPERVISOR: jai exited code=127 —— 自动拉活
2026-09-03 09:58:41 SUPERVISOR: jai exited code=127 —— 自动拉活
2026-09-03 09:58:43 SUPERVISOR: jai exited code=127 —— 自动拉活
2026-09-03 09:58:45 SUPERVISOR: jai exited code=127 —— 自动拉活
2026-09-03 09:58:47 SUPERVISOR: jai exited code=127 —— 自动拉活
2026-09-03 09:58:49 SUPERVISOR: jai exited code=127 —— 自动拉活
2026-09-03 09:58:51 SUPERVISOR: jai exited code=127 —— 自动拉活
2026-09-03 09:58:53 SUPERVISOR: jai exited code=127 —— 自动拉活
2026-09-03 09:58:55 SUPERVISOR: jai exited code=127 —— 自动拉活
2026-09-03 09:58:57 SUPERVISOR: jai exited code=127 —— 自动拉活
2026-09-03 09:58:59 SUPERVISOR: jai exited code=127 —— 自动拉活
2026-09-03 09:59:01 SUPERVISOR: jai exited code=127 —— 自动拉活
2026-09-03 09:59:03 SUPERVISOR: jai exited code=127 —— 自动拉活
2026-09-03 09:59:05 SUPERVISOR: jai exited code=127 —— 自动拉活
2026-09-03 09:59:07 SUPERVISOR: jai exited code=127 —— 自动拉活
2026-09-03 09:59:09 SUPERVISOR: jai exited code=127 —— 自动拉活
2026-09-03 09:59:11 SUPERVISOR: jai exited code=127 —— 自动拉活
2026-09-03 09:59:13 SUPERVISOR: jai exited code=127 —— 自动拉活
2026-09-03 09:59:15 SUPERVISOR: jai exited code=127 —— 自动拉活
2026-09-03 09:59:17 SUPERVISOR: jai exited code=127 —— 自动拉活
2026-09-03 09:59:19 SUPERVISOR: jai exited code=127 —— 自动拉活
2026-09-03 09:59:21 SUPERVISOR: jai exited code=127 —— 自动拉活
2026-09-03 09:59:23 SUPERVISOR: jai exited code=127 —— 自动拉活
2026-09-03 09:59:25 SUPERVISOR: jai exited code=127 —— 自动拉活
2026-09-03 09:59:27 SUPERVISOR: jai exited code=127 —— 自动拉活
2026-09-03 09:59:29 SUPERVISOR: jai exited code=127 —— 自动拉活
2026-09-03 09:59:32 SUPERVISOR: jai exited code=127 —— 自动拉活
2026-09-03 09:59:34 SUPERVISOR: jai exited code=127 —— 自动拉活
2026-09-03 09:59:36 SUPERVISOR: jai exited code=127 —— 自动拉活
2026-09-03 09:59:38 SUPERVISOR: jai exited code=127 —— 自动拉活
2026-09-03 09:59:40 SUPERVISOR: jai exited code=127 —— 自动拉活
2026-09-03 09:59:42 SUPERVISOR: jai exited code=127 —— 自动拉活
2026-09-03 09:59:44 SUPERVISOR: jai exited code=127 —— 自动拉活
2026-09-03 09:59:46 SUPERVISOR: jai exited code=127 —— 自动拉活
2026-09-03 09:59:48 SUPERVISOR: jai exited code=127 —— 自动拉活
2026-09-03 09:59:50 SUPERVISOR: jai exited code=127 —— 自动拉活
2026-09-03 09:59:52 SUPERVISOR: jai exited code=127 —— 自动拉活
2026-09-03 09:59:54 SUPERVISOR: jai exited code=127 —— 自动拉活
2026-09-03 09:59:56 SUPERVISOR: jai exited code=127 —— 自动拉活
2026-09-03 09:59:58 SUPERVISOR: jai exited code=127 —— 自动拉活
2026-09-03 10:00:00 SUPERVISOR: jai exited code=127 —— 自动拉活
2026-09-03 10:00:02 SUPERVISOR: jai exited code=127 —— 自动拉活
2026-09-03 10:00:04 SUPERVISOR: jai exited code=127 —— 自动拉活
2026-09-03 10:00:06 SUPERVISOR: jai exited code=127 —— 自动拉活
2026-09-03 10:00:08 SUPERVISOR: jai exited code=127 —— 自动拉活
2026-09-03 10:00:10 SUPERVISOR: jai exited code=127 —— 自动拉活
2026-09-03 10:00:12 SUPERVISOR: jai exited code=127 —— 自动拉活
2026-09-03 10:00:14 SUPERVISOR: jai exited code=127 —— 自动拉活
2026-09-03 10:00:16 SUPERVISOR: jai exited code=127 —— 自动拉活
2026-09-03 10:00:18 SUPERVISOR: jai exited code=127 —— 自动拉活
2026-09-03 10:00:20 SUPERVISOR: jai exited code=127 —— 自动拉活
2026-09-03 10:00:22 SUPERVISOR: jai exited code=127 —— 自动拉活
2026-09-03 10:00:24 SUPERVISOR: jai exited code=127 —— 自动拉活
2026-09-03 10:00:26 SUPERVISOR: jai exited code=127 —— 自动拉活
2026-09-03 10:00:28 SUPERVISOR: jai exited code=127 —— 自动拉活
2026-09-03 10:00:30 SUPERVISOR: jai exited code=127 —— 自动拉活
2026-09-03 10:00:32 SUPERVISOR: jai exited code=127 —— 自动拉活
2026-09-03 10:00:34 SUPERVISOR: jai exited code=127 —— 自动拉活
2026-09-03 10:00:36 SUPERVISOR: jai exited code=127 —— 自动拉活
2026-09-03 10:00:38 SUPERVISOR: jai exited code=127 —— 自动拉活
2026-09-03 10:00:40 SUPERVISOR: jai exited code=127 —— 自动拉活
2026-09-03 10:00:43 SUPERVISOR: jai exited code=127 —— 自动拉活
2026-09-03 10:00:45 SUPERVISOR: jai exited code=127 —— 自动拉活
2026-09-03 10:00:47 SUPERVISOR: jai exited code=127 —— 自动拉活
2026-09-03 10:00:49 SUPERVISOR: jai exited code=127 —— 自动拉活
2026-09-03 10:00:51 SUPERVISOR: jai exited code=127 —— 自动拉活
2026-09-03 10:00:53 SUPERVISOR: jai exited code=127 —— 自动拉活
2026-09-03 10:00:55 SUPERVISOR: jai exited code=127 —— 自动拉活
2026-09-03 10:00:57 SUPERVISOR: jai exited code=127 —— 自动拉活
2026-09-03 10:00:59 SUPERVISOR: jai exited code=127 —— 自动拉活
2026-09-03 10:01:01 SUPERVISOR: jai exited code=127 —— 自动拉活
2026-09-03 10:01:03 SUPERVISOR: jai exited code=127 —— 自动拉活
2026-09-03 10:01:05 SUPERVISOR: jai exited code=127 —— 自动拉活
2026-09-03 10:01:07 SUPERVISOR: jai exited code=127 —— 自动拉活
2026-09-03 10:01:09 SUPERVISOR: jai exited code=127 —— 自动拉活
2026-09-03 10:01:11 SUPERVISOR: jai exited code=127 —— 自动拉活
2026-09-03 10:01:13 SUPERVISOR: jai exited code=127 —— 自动拉活
2026-09-03 10:01:15 SUPERVISOR: jai exited code=127 —— 自动拉活
2026-09-03 10:01:17 SUPERVISOR: jai exited code=127 —— 自动拉活
2026-09-03 10:01:19 SUPERVISOR: jai exited code=127 —— 自动拉活
2026-09-03 10:01:21 SUPERVISOR: jai exited code=127 —— 自动拉活
2026-09-03 10:01:23 SUPERVISOR: jai exited code=127 —— 自动拉活
2026-09-03 10:01:25 SUPERVISOR: jai exited code=127 —— 自动拉活
2026-09-03 10:01:27 SUPERVISOR: jai exited code=127 —— 自动拉活
2026-09-03 10:01:29 SUPERVISOR: jai exited code=127 —— 自动拉活
2026-09-03 10:01:31 SUPERVISOR: jai exited code=127 —— 自动拉活
2026-09-03 10:01:33 SUPERVISOR: jai exited code=127 —— 自动拉活
2026-09-03 10:01:35 SUPERVISOR: jai exited code=127 —— 自动拉活
2026-09-03 10:01:37 SUPERVISOR: jai exited code=127 —— 自动拉活
2026-09-03 10:01:39 SUPERVISOR: jai exited code=127 —— 自动拉活
2026-09-03 10:01:41 SUPERVISOR: jai exited code=127 —— 自动拉活
2026-09-03 10:01:43 SUPERVISOR: jai exited code=127 —— 自动拉活
2026-09-03 10:01:45 SUPERVISOR: jai exited code=127 —— 自动拉活
2026-09-03 10:01:47 SUPERVISOR: jai exited code=127 —— 自动拉活
2026-09-03 10:01:49 SUPERVISOR: jai exited code=127 —— 自动拉活
2026-09-03 10:01:51 SUPERVISOR: jai exited code=127 —— 自动拉活
2026-09-03 10:01:53 SUPERVISOR: jai exited code=127 —— 自动拉活
2026-09-03 10:01:55 SUPERVISOR: jai exited code=127 —— 自动拉活
2026-09-03 10:01:58 SUPERVISOR: jai exited code=127 —— 自动拉活
2026-09-03 10:02:00 SUPERVISOR: jai exited code=127 —— 自动拉活
2026-09-03 10:02:02 SUPERVISOR: jai exited code=127 —— 自动拉活
2026-09-03 10:02:04 SUPERVISOR: jai exited code=127 —— 自动拉活
2026-09-03 10:02:06 SUPERVISOR: jai exited code=127 —— 自动拉活
2026-09-03 10:02:08 SUPERVISOR: jai exited code=127 —— 自动拉活
2026-09-03 10:02:10 SUPERVISOR: jai exited code=127 —— 自动拉活
2026-09-03 10:02:12 SUPERVISOR: jai exited code=127 —— 自动拉活
2026-09-03 10:02:14 SUPERVISOR: jai exited code=127 —— 自动拉活
2026-09-03 10:02:16 SUPERVISOR: jai exited code=127 —— 自动拉活
2026-09-03 10:02:18 SUPERVISOR: jai exited code=127 —— 自动拉活
2026-09-03 10:02:20 SUPERVISOR: jai exited code=127 —— 自动拉活
2026-09-03 10:02:22 SUPERVISOR: jai exited code=127 —— 自动拉活
2026-09-03 10:02:24 SUPERVISOR: jai exited code=127 —— 自动拉活
2026-09-03 10:02:26 SUPERVISOR: jai exited code=127 —— 自动拉活
2026-09-03 10:02:28 SUPERVISOR: jai exited code=127 —— 自动拉活
2026-09-03 10:02:30 SUPERVISOR: jai exited code=127 —— 自动拉活
2026-09-03 10:02:32 SUPERVISOR: jai exited code=127 —— 自动拉活
2026-09-03 10:02:34 SUPERVISOR: jai exited code=127 —— 自动拉活
2026-09-03 10:02:36 SUPERVISOR: jai exited code=127 —— 自动拉活
2026-09-03 10:02:38 SUPERVISOR: jai exited code=127 —— 自动拉活
2026-09-03 10:02:40 SUPERVISOR: jai exited code=127 —— 自动拉活
2026-09-03 10:02:42 SUPERVISOR: jai exited code=127 —— 自动拉活
2026-09-03 10:02:44 SUPERVISOR: jai exited code=127 —— 自动拉活
2026-09-03 10:02:46 SUPERVISOR: jai exited code=127 —— 自动拉活
2026-09-03 10:02:48 SUPERVISOR: jai exited code=127 —— 自动拉活
2026-09-03 10:02:50 SUPERVISOR: jai exited code=127 —— 自动拉活
2026-09-03 10:02:52 SUPERVISOR: jai exited code=127 —— 自动拉活
2026-09-03 10:02:54 SUPERVISOR: jai exited code=127 —— 自动拉活
2026-09-03 10:02:56 SUPERVISOR: jai exited code=127 —— 自动拉活
2026-09-03 10:02:58 SUPERVISOR: jai exited code=127 —— 自动拉活
2026-09-03 10:03:00 SUPERVISOR: jai exited code=127 —— 自动拉活
2026-09-03 10:03:02 SUPERVISOR: jai exited code=127 —— 自动拉活
2026-09-03 10:03:04 SUPERVISOR: jai exited code=127 —— 自动拉活
2026-09-03 10:03:06 SUPERVISOR: jai exited code=127 —— 自动拉活
2026-09-03 10:03:08 SUPERVISOR: jai exited code=127 —— 自动拉活
2026-09-03 10:03:10 SUPERVISOR: jai exited code=127 —— 自动拉活
2026-09-03 10:03:12 SUPERVISOR: jai exited code=127 —— 自动拉活
2026-09-03 10:03:15 SUPERVISOR: jai exited code=127 —— 自动拉活
2026-09-03 10:03:17 SUPERVISOR: jai exited code=127 —— 自动拉活
2026-09-03 10:03:19 SUPERVISOR: jai exited code=127 —— 自动拉活
2026-09-03 10:03:21 SUPERVISOR: jai exited code=127 —— 自动拉活
2026-09-03 10:03:23 SUPERVISOR: jai exited code=127 —— 自动拉活
2026-09-03 10:03:25 SUPERVISOR: jai exited code=127 —— 自动拉活
2026-09-03 10:03:27 SUPERVISOR: jai exited code=127 —— 自动拉活
2026-09-03 10:03:29 SUPERVISOR: jai exited code=127 —— 自动拉活
2026-09-03 10:03:31 SUPERVISOR: jai exited code=127 —— 自动拉活
2026-09-03 10:03:33 SUPERVISOR: jai exited code=127 —— 自动拉活
2026-09-03 10:03:35 SUPERVISOR: jai exited code=127 —— 自动拉活
2026-09-03 10:03:37 SUPERVISOR: jai exited code=127 —— 自动拉活
2026-09-03 10:03:39 SUPERVISOR: jai exited code=127 —— 自动拉活
2026-09-03 10:03:41 SUPERVISOR: jai exited code=127 —— 自动拉活
2026-09-03 10:03:43 SUPERVISOR: jai exited code=127 —— 自动拉活
2026-09-03 10:03:45 SUPERVISOR: jai exited code=127 —— 自动拉活
2026-09-03 10:03:47 SUPERVISOR: jai exited code=127 —— 自动拉活
2026-09-03 10:03:49 SUPERVISOR: jai exited code=127 —— 自动拉活
2026-09-03 10:03:51 SUPERVISOR: jai exited code=127 —— 自动拉活
2026-09-03 10:03:53 SUPERVISOR: jai exited code=127 —— 自动拉活
2026-09-03 10:03:55 SUPERVISOR: jai exited code=127 —— 自动拉活
2026-09-03 10:03:57 SUPERVISOR: jai exited code=127 —— 自动拉活
2026-09-03 10:03:59 SUPERVISOR: jai exited code=127 —— 自动拉活
2026-09-03 10:04:01 SUPERVISOR: jai exited code=127 —— 自动拉活
2026-09-03 10:04:03 SUPERVISOR: jai exited code=127 —— 自动拉活
2026-09-03 10:04:05 SUPERVISOR: jai exited code=127 —— 自动拉活
2026-09-03 10:04:07 SUPERVISOR: jai exited code=127 —— 自动拉活
2026-09-03 10:04:09 SUPERVISOR: jai exited code=127 —— 自动拉活
2026-09-03 10:04:11 SUPERVISOR: jai exited code=127 —— 自动拉活
2026-09-03 10:04:13 SUPERVISOR: jai exited code=127 —— 自动拉活
2026-09-03 10:04:15 SUPERVISOR: jai exited code=127 —— 自动拉活
2026-09-03 10:04:17 SUPERVISOR: jai exited code=127 —— 自动拉活
2026-09-03 10:04:19 SUPERVISOR: jai exited code=127 —— 自动拉活
2026-09-03 10:04:21 SUPERVISOR: jai exited code=127 —— 自动拉活
2026-09-03 10:04:23 SUPERVISOR: jai exited code=127 —— 自动拉活
2026-09-03 10:04:25 SUPERVISOR: jai exited code=127 —— 自动拉活
2026-09-03 10:04:27 SUPERVISOR: jai exited code=127 —— 自动拉活
2026-09-03 10:04:29 SUPERVISOR: jai exited code=127 —— 自动拉活
2026-09-03 10:04:31 SUPERVISOR: jai exited code=127 —— 自动拉活
2026-09-03 10:04:33 SUPERVISOR: jai exited code=127 —— 自动拉活
2026-09-03 10:04:35 SUPERVISOR: jai exited code=127 —— 自动拉活
2026-09-03 10:04:38 SUPERVISOR: jai exited code=127 —— 自动拉活
2026-09-03 10:04:40 SUPERVISOR: jai exited code=127 —— 自动拉活
2026-09-03 10:04:42 SUPERVISOR: jai exited code=127 —— 自动拉活
2026-09-03 10:04:44 SUPERVISOR: jai exited code=127 —— 自动拉活
2026-09-03 10:04:46 SUPERVISOR: jai exited code=127 —— 自动拉活
2026-09-03 10:04:48 SUPERVISOR: jai exited code=127 —— 自动拉活
2026-09-03 10:04:50 SUPERVISOR: jai exited code=127 —— 自动拉活
2026-09-03 10:04:52 SUPERVISOR: jai exited code=127 —— 自动拉活
2026-09-03 10:04:54 SUPERVISOR: jai exited code=127 —— 自动拉活
2026-09-03 10:04:56 SUPERVISOR: jai exited code=127 —— 自动拉活
2026-09-03 10:04:58 SUPERVISOR: jai exited code=127 —— 自动拉活
2026-09-03 10:05:00 SUPERVISOR: jai exited code=127 —— 自动拉活
2026-09-03 10:05:02 SUPERVISOR: jai exited code=127 —— 自动拉活
2026-09-03 10:05:04 SUPERVISOR: jai exited code=127 —— 自动拉活
2026-09-03 10:05:06 SUPERVISOR: jai exited code=127 —— 自动拉活
2026-09-03 10:05:08 SUPERVISOR: jai exited code=127 —— 自动拉活
2026-09-03 10:05:10 SUPERVISOR: jai exited code=127 —— 自动拉活
2026-09-03 10:05:12 SUPERVISOR: jai exited code=127 —— 自动拉活
2026-09-03 10:05:14 SUPERVISOR: jai exited code=127 —— 自动拉活
2026-09-03 10:05:16 SUPERVISOR: jai exited code=127 —— 自动拉活
2026-09-03 10:05:18 SUPERVISOR: jai exited code=127 —— 自动拉活
2026-09-03 10:05:20 SUPERVISOR: jai exited code=127 —— 自动拉活
2026-09-03 10:05:22 SUPERVISOR: jai exited code=127 —— 自动拉活
2026-09-03 10:05:24 SUPERVISOR: jai exited code=127 —— 自动拉活
2026-09-03 10:05:26 SUPERVISOR: jai exited code=127 —— 自动拉活
2026-09-03 10:05:28 SUPERVISOR: jai exited code=127 —— 自动拉活
2026-09-03 10:05:30 SUPERVISOR: jai exited code=127 —— 自动拉活
2026-09-03 10:05:32 SUPERVISOR: jai exited code=127 —— 自动拉活
2026-09-03 10:05:34 SUPERVISOR: jai exited code=127 —— 自动拉活
2026-09-03 10:05:37 SUPERVISOR: jai exited code=127 —— 自动拉活
2026-09-03 10:05:39 SUPERVISOR: jai exited code=127 —— 自动拉活
2026-09-03 10:05:41 SUPERVISOR: jai exited code=127 —— 自动拉活
2026-09-03 10:05:43 SUPERVISOR: jai exited code=127 —— 自动拉活
2026-09-03 10:05:45 SUPERVISOR: jai exited code=127 —— 自动拉活
2026-09-03 10:05:47 SUPERVISOR: jai exited code=127 —— 自动拉活
2026-09-03 10:05:49 SUPERVISOR: jai exited code=127 —— 自动拉活
2026-09-03 10:05:51 SUPERVISOR: jai exited code=127 —— 自动拉活
2026-09-03 10:05:53 SUPERVISOR: jai exited code=127 —— 自动拉活
2026-09-03 10:05:55 SUPERVISOR: jai exited code=127 —— 自动拉活
2026-09-03 10:05:57 SUPERVISOR: jai exited code=127 —— 自动拉活
2026-09-03 10:05:59 SUPERVISOR: jai exited code=127 —— 自动拉活
2026-09-03 10:06:01 SUPERVISOR: jai exited code=127 —— 自动拉活
2026-09-03 10:06:03 SUPERVISOR: jai exited code=127 —— 自动拉活
2026-09-03 10:06:05 SUPERVISOR: jai exited code=127 —— 自动拉活
2026-09-03 10:06:07 SUPERVISOR: jai exited code=127 —— 自动拉活
2026-09-03 10:06:09 SUPERVISOR: jai exited code=127 —— 自动拉活
2026-09-03 10:06:11 SUPERVISOR: jai exited code=127 —— 自动拉活
2026-09-03 10:06:13 SUPERVISOR: jai exited code=127 —— 自动拉活
2026-09-03 10:06:15 SUPERVISOR: jai exited code=127 —— 自动拉活
2026-09-03 10:06:17 SUPERVISOR: jai exited code=127 —— 自动拉活
2026-09-03 10:06:19 SUPERVISOR: jai exited code=127 —— 自动拉活
2026-09-03 10:06:21 SUPERVISOR: jai exited code=127 —— 自动拉活
2026-09-03 10:06:23 SUPERVISOR: jai exited code=127 —— 自动拉活
2026-09-03 10:06:25 SUPERVISOR: jai exited code=127 —— 自动拉活
2026-09-03 10:06:27 SUPERVISOR: jai exited code=127 —— 自动拉活
2026-09-03 10:06:29 SUPERVISOR: jai exited code=127 —— 自动拉活
2026-09-03 10:06:31 SUPERVISOR: jai exited code=127 —— 自动拉活
2026-09-03 10:06:33 SUPERVISOR: jai exited code=127 —— 自动拉活
2026-09-03 10:06:36 SUPERVISOR: jai exited code=127 —— 自动拉活
2026-09-03 10:06:38 SUPERVISOR: jai exited code=127 —— 自动拉活
2026-09-03 10:06:40 SUPERVISOR: jai exited code=127 —— 自动拉活
2026-09-03 10:06:42 SUPERVISOR: jai exited code=127 —— 自动拉活
2026-09-03 10:06:44 SUPERVISOR: jai exited code=127 —— 自动拉活
2026-09-03 10:06:46 SUPERVISOR: jai exited code=127 —— 自动拉活
2026-09-03 10:06:48 SUPERVISOR: jai exited code=127 —— 自动拉活
2026-09-03 10:06:50 SUPERVISOR: jai exited code=127 —— 自动拉活
2026-09-03 10:06:52 SUPERVISOR: jai exited code=127 —— 自动拉活
2026-09-03 10:06:54 SUPERVISOR: jai exited code=127 —— 自动拉活
2026-09-03 10:06:56 SUPERVISOR: jai exited code=127 —— 自动拉活
2026-09-03 10:06:58 SUPERVISOR: jai exited code=127 —— 自动拉活
2026-09-03 10:07:00 SUPERVISOR: jai exited code=127 —— 自动拉活
2026-09-03 10:07:02 SUPERVISOR: jai exited code=127 —— 自动拉活
2026-09-03 10:07:04 SUPERVISOR: jai exited code=127 —— 自动拉活
2026-09-03 10:07:06 SUPERVISOR: jai exited code=127 —— 自动拉活
2026-09-03 10:07:08 SUPERVISOR: jai exited code=127 —— 自动拉活
2026-09-03 10:07:10 SUPERVISOR: jai exited code=127 —— 自动拉活
2026-09-03 10:07:12 SUPERVISOR: jai exited code=127 —— 自动拉活
2026-09-03 10:07:14 SUPERVISOR: jai exited code=127 —— 自动拉活
2026-09-03 10:07:16 SUPERVISOR: jai exited code=127 —— 自动拉活
2026-09-03 10:07:18 SUPERVISOR: jai exited code=127 —— 自动拉活
2026-09-03 10:07:20 SUPERVISOR: jai exited code=127 —— 自动拉活
2026-09-03 10:07:22 SUPERVISOR: jai exited code=127 —— 自动拉活
2026-09-03 10:07:24 SUPERVISOR: jai exited code=127 —— 自动拉活
2026-09-03 10:07:26 SUPERVISOR: jai exited code=127 —— 自动拉活
2026-09-03 10:07:28 SUPERVISOR: jai exited code=127 —— 自动拉活
2026-09-03 10:07:30 SUPERVISOR: jai exited code=127 —— 自动拉活
2026-09-03 10:07:33 SUPERVISOR: jai exited code=127 —— 自动拉活
2026-09-03 10:07:35 SUPERVISOR: jai exited code=127 —— 自动拉活
2026-09-03 10:07:37 SUPERVISOR: jai exited code=127 —— 自动拉活
2026-09-03 10:07:39 SUPERVISOR: jai exited code=127 —— 自动拉活
2026-09-03 10:07:41 SUPERVISOR: jai exited code=127 —— 自动拉活
2026-09-03 10:07:43 SUPERVISOR: jai exited code=127 —— 自动拉活
2026-09-03 10:07:45 SUPERVISOR: jai exited code=127 —— 自动拉活
2026-09-03 10:07:47 SUPERVISOR: jai exited code=127 —— 自动拉活
2026-09-03 10:07:49 SUPERVISOR: jai exited code=127 —— 自动拉活
2026-09-03 10:07:51 SUPERVISOR: jai exited code=127 —— 自动拉活
2026-09-03 10:07:53 SUPERVISOR: jai exited code=127 —— 自动拉活
2026-09-03 10:07:55 SUPERVISOR: jai exited code=127 —— 自动拉活
2026-09-03 10:07:57 SUPERVISOR: jai exited code=127 —— 自动拉活
2026-09-03 10:07:59 SUPERVISOR: jai exited code=127 —— 自动拉活
2026-09-03 10:08:01 SUPERVISOR: jai exited code=127 —— 自动拉活
2026-09-03 10:08:03 SUPERVISOR: jai exited code=127 —— 自动拉活
2026-09-03 10:08:05 SUPERVISOR: jai exited code=127 —— 自动拉活
2026-09-03 10:08:07 SUPERVISOR: jai exited code=127 —— 自动拉活
2026-09-03 10:08:09 SUPERVISOR: jai exited code=127 —— 自动拉活
2026-09-03 10:08:11 SUPERVISOR: jai exited code=127 —— 自动拉活
2026-09-03 10:08:13 SUPERVISOR: jai exited code=127 —— 自动拉活
2026-09-03 10:08:15 SUPERVISOR: jai exited code=127 —— 自动拉活
2026-09-03 10:08:17 SUPERVISOR: jai exited code=127 —— 自动拉活
2026-09-03 10:08:19 SUPERVISOR: jai exited code=127 —— 自动拉活
2026-09-03 10:08:21 SUPERVISOR: jai exited code=127 —— 自动拉活
2026-09-03 10:08:23 SUPERVISOR: jai exited code=127 —— 自动拉活
2026-09-03 10:08:25 SUPERVISOR: jai exited code=127 —— 自动拉活
2026-09-03 10:08:27 SUPERVISOR: jai exited code=127 —— 自动拉活
2026-09-03 10:08:29 SUPERVISOR: jai exited code=127 —— 自动拉活
2026-09-03 10:08:32 SUPERVISOR: jai exited code=127 —— 自动拉活
2026-09-03 10:08:34 SUPERVISOR: jai exited code=127 —— 自动拉活
2026-09-03 10:08:36 SUPERVISOR: jai exited code=127 —— 自动拉活
2026-09-03 10:08:38 SUPERVISOR: jai exited code=127 —— 自动拉活
2026-09-03 10:08:40 SUPERVISOR: jai exited code=127 —— 自动拉活
2026-09-03 10:08:42 SUPERVISOR: jai exited code=127 —— 自动拉活
2026-09-03 10:08:44 SUPERVISOR: jai exited code=127 —— 自动拉活
2026-09-03 10:08:46 SUPERVISOR: jai exited code=127 —— 自动拉活
2026-09-03 10:08:48 SUPERVISOR: jai exited code=127 —— 自动拉活
2026-09-03 10:08:50 SUPERVISOR: jai exited code=127 —— 自动拉活
2026-09-03 10:08:52 SUPERVISOR: jai exited code=127 —— 自动拉活
2026-09-03 10:08:54 SUPERVISOR: jai exited code=127 —— 自动拉活
2026-09-03 10:08:56 SUPERVISOR: jai exited code=127 —— 自动拉活
2026-09-03 10:08:58 SUPERVISOR: jai exited code=127 —— 自动拉活
2026-09-03 10:09:00 SUPERVISOR: jai exited code=127 —— 自动拉活
2026-09-03 10:09:00 alive=false healthz=- rss=-
2026-09-03 10:09:02 SUPERVISOR: jai exited code=127 —— 自动拉活
2026-09-03 10:09:04 SUPERVISOR: jai exited code=127 —— 自动拉活
2026-09-03 10:09:06 SUPERVISOR: jai exited code=127 —— 自动拉活
2026-09-03 10:09:08 SUPERVISOR: jai exited code=127 —— 自动拉活
2026-09-03 10:09:10 SUPERVISOR: jai exited code=127 —— 自动拉活
2026-09-03 10:09:12 SUPERVISOR: jai exited code=127 —— 自动拉活
2026-09-03 10:09:14 SUPERVISOR: jai exited code=127 —— 自动拉活
2026-09-03 10:09:16 SUPERVISOR: jai exited code=127 —— 自动拉活
2026-09-03 10:09:18 SUPERVISOR: jai exited code=127 —— 自动拉活
2026-09-03 10:09:20 SUPERVISOR: jai exited code=127 —— 自动拉活
2026-09-03 10:39:25 alive=false healthz=- rss=-
2026-09-03 11:09:52 alive=false healthz=- rss=-
2026-09-03 11:39:11 alive=false healthz=- rss=-
2026-09-03 12:09:14 alive=false healthz=- rss=-
2026-09-03 12:39:26 alive=false healthz=- rss=-
2026-09-03 13:09:15 alive=false healthz=- rss=-
2026-09-03 13:38:59 alive=false healthz=- rss=-
2026-09-03 14:10:04 alive=false healthz=- rss=-
2026-09-03 14:39:39 alive=false healthz=- rss=-
2026-09-03 15:10:14 alive=false healthz=- rss=-
2026-09-03 15:39:39 alive=false healthz=- rss=-
2026-09-03 16:10:49 alive=false healthz=- rss=-
2026-09-03 16:41:03 alive=false healthz=- rss=-
2026-09-03 17:16:44 alive=false healthz=- rss=-
2026-09-03 17:41:05 alive=false healthz=- rss=-
2026-09-03 18:09:51 alive=false healthz=- rss=-
2026-09-03 18:39:01 alive=false healthz=- rss=-
2026-09-03 19:09:42 alive=false healthz=- rss=-
2026-09-03 19:39:11 alive=false healthz=- rss=-
2026-09-03 20:08:55 alive=false healthz=- rss=-
2026-09-03 20:39:11 alive=false healthz=- rss=-
2026-09-03 21:09:34 alive=false healthz=- rss=-
2026-09-03 21:39:58 alive=false healthz=- rss=-
2026-09-03 22:09:41 alive=false healthz=- rss=-
2026-09-03 22:39:18 alive=false healthz=- rss=-
2026-09-03 23:10:08 alive=false healthz=- rss=-
2026-09-03 23:39:44 alive=false healthz=- rss=-
2026-09-04 00:09:22 alive=false healthz=- rss=-
2026-09-04 01:09:22 alive=false healthz=- rss=-
2026-09-04 06:09:00 alive=false healthz=- rss=-
2026-09-04 06:38:57 alive=false healthz=- rss=-
2026-09-04 07:08:58 alive=false healthz=- rss=-
2026-09-04 07:39:01 alive=false healthz=- rss=-
2026-09-04 08:09:01 alive=false healthz=- rss=-
2026-09-04 08:39:00 alive=false healthz=- rss=-
2026-09-04 09:08:38 alive=false healthz=- rss=-
2026-09-04 09:38:40 alive=false healthz=- rss=-
2026-09-04 10:09:06 alive=false healthz=- rss=-
2026-09-04 10:43:36 alive=false healthz=- rss=-
2026-09-04 11:09:11 alive=false healthz=- rss=-
2026-09-04 11:39:28 alive=false healthz=- rss=-
2026-09-04 12:09:09 alive=false healthz=- rss=-
2026-09-04 12:38:43 alive=false healthz=- rss=-
2026-09-04 13:09:01 alive=false healthz=- rss=-
2026-09-04 13:39:11 alive=false healthz=- rss=-
2026-09-04 14:39:59 alive=false healthz=- rss=-
